2026-04-22 18:30:08,287 DEBUG [WB_to_MX.lambda$run_gui_mode$0] Arguments: [-mx_timeout, -1, -pack, assets/MotorControlPack/MotorControl.zip, -exp, templates/wb-defines_where_and_what.txt, -ftl, templates/wb_ioc_template.ftl, -xdm, C:\Users\dozav\Documents\GitHub\CUBLI_B-G431B-ESC1\CUBLI_motor_control\CUBLI_motor_control.wbdef, -ioc, C:\Users\dozav\Documents\GitHub\CUBLI_B-G431B-ESC1\CUBLI_motor_control\CUBLI_motor_control.ioc]
2026-04-22 18:30:08,288 DEBUG [ArgsValue.lambda$retrieve$2] CLI_ARG[ftl]: templates/wb_ioc_template.ftl
2026-04-22 18:30:08,288 DEBUG [ArgsValue.lambda$retrieve$2] CLI_ARG[exp]: templates/wb-defines_where_and_what.txt
2026-04-22 18:30:08,288 DEBUG [ArgsValue.lambda$retrieve$2] CLI_ARG[xdm]: C:\Users\dozav\Documents\GitHub\CUBLI_B-G431B-ESC1\CUBLI_motor_control\CUBLI_motor_control.wbdef
2026-04-22 18:30:08,288 DEBUG [ArgsValue.lambda$retrieve$2] CLI_ARG[ioc]: C:\Users\dozav\Documents\GitHub\CUBLI_B-G431B-ESC1\CUBLI_motor_control\CUBLI_motor_control.ioc
2026-04-22 18:30:08,288 DEBUG [ArgsValue.lambda$retrieve$2] CLI_ARG[pack]: assets/MotorControlPack/MotorControl.zip
2026-04-22 18:30:08,288 DEBUG [ArgsValue.lambda$retrieve$2] CLI_ARG[mx_timeout]: -1
2026-04-22 18:30:08,289 DEBUG [ArgsValue.retrieve] {xdm=C:\Users\dozav\Documents\GitHub\CUBLI_B-G431B-ESC1\CUBLI_motor_control\CUBLI_motor_control.wbdef, updftl=templates/wb_ioc_mc-middleware.ftl, mx_timeout=-1, exp=templates/wb-defines_where_and_what.txt, ioc=C:\Users\dozav\Documents\GitHub\CUBLI_B-G431B-ESC1\CUBLI_motor_control\CUBLI_motor_control.ioc, pack=assets/MotorControlPack/MotorControl.zip, ftl=templates/wb_ioc_template.ftl}
2026-04-22 18:30:08,300 DEBUG [WB_to_MX.run] Targeted MCU family = G4
2026-04-22 18:30:08,305 DEBUG [WB_to_MX.run] Minimum associated CubeMx to the `6.0.0-a0` targeted MCU family is `G4`
2026-04-22 18:30:12,748 DEBUG [IOCDialogController.lambda$onClose$8] IOCGenerationDialog exists with return code 4
2026-04-22 18:31:00,696 DEBUG [WB_to_MX.lambda$run_gui_mode$0] Arguments: [-mx_timeout, -1, -pack, assets/MotorControlPack/MotorControl.zip, -exp, templates/wb-defines_where_and_what.txt, -ftl, templates/wb_ioc_template.ftl, -xdm, C:\Users\dozav\Documents\GitHub\CUBLI_B-G431B-ESC1\CUBLI_motor_control\CUBLI_motor_control.wbdef, -ioc, C:\Users\dozav\Documents\GitHub\CUBLI_B-G431B-ESC1\CUBLI_motor_control\CUBLI_motor_control.ioc]
2026-04-22 18:31:00,696 DEBUG [ArgsValue.lambda$retrieve$2] CLI_ARG[ftl]: templates/wb_ioc_template.ftl
2026-04-22 18:31:00,697 DEBUG [ArgsValue.lambda$retrieve$2] CLI_ARG[exp]: templates/wb-defines_where_and_what.txt
2026-04-22 18:31:00,697 DEBUG [ArgsValue.lambda$retrieve$2] CLI_ARG[xdm]: C:\Users\dozav\Documents\GitHub\CUBLI_B-G431B-ESC1\CUBLI_motor_control\CUBLI_motor_control.wbdef
2026-04-22 18:31:00,697 DEBUG [ArgsValue.lambda$retrieve$2] CLI_ARG[ioc]: C:\Users\dozav\Documents\GitHub\CUBLI_B-G431B-ESC1\CUBLI_motor_control\CUBLI_motor_control.ioc
2026-04-22 18:31:00,697 DEBUG [ArgsValue.lambda$retrieve$2] CLI_ARG[pack]: assets/MotorControlPack/MotorControl.zip
2026-04-22 18:31:00,697 DEBUG [ArgsValue.lambda$retrieve$2] CLI_ARG[mx_timeout]: -1
2026-04-22 18:31:00,697 DEBUG [ArgsValue.retrieve] {xdm=C:\Users\dozav\Documents\GitHub\CUBLI_B-G431B-ESC1\CUBLI_motor_control\CUBLI_motor_control.wbdef, updftl=templates/wb_ioc_mc-middleware.ftl, mx_timeout=-1, exp=templates/wb-defines_where_and_what.txt, ioc=C:\Users\dozav\Documents\GitHub\CUBLI_B-G431B-ESC1\CUBLI_motor_control\CUBLI_motor_control.ioc, pack=assets/MotorControlPack/MotorControl.zip, ftl=templates/wb_ioc_template.ftl}
2026-04-22 18:31:00,697 DEBUG [WB_to_MX.run] Targeted MCU family = G4
2026-04-22 18:31:00,698 DEBUG [WB_to_MX.run] Minimum associated CubeMx to the `6.0.0-a0` targeted MCU family is `G4`
2026-04-22 18:31:03,677 DEBUG [EnvironmentChecker.checkPack] STM32CubeMX.Version: 6.12.0-RC9
2026-04-22 18:31:03,679 DEBUG [RetrieveFirmwareVersion.from_zip] Trying to read Firmware version from zipped version Pack: C:\Program Files (x86)\STMicroelectronics\MC_SDK_6.4.1\Utilities\PC_Software\STMCWB\assets\MotorControlPack\MotorControl.zip
2026-04-22 18:31:03,699 DEBUG [RetrieveFirmwareVersion.minimum_supporte_version] minimum_supporte_version MotorControlFirmware.Version: 6.4.1-RC1-Full
2026-04-22 18:31:03,699 DEBUG [PackInfoFactory.deploy_MCPack_to_MxRepo] Deployment strategy class: VersionedFolderStyle_MCPackDeployer
2026-04-22 18:31:03,699 DEBUG [PackInfoFactory.deploy_MCPack_to_MxRepo] Expected MC Pack 6.4.1-Full already deployed
2026-04-22 18:31:03,708 DEBUG [DataSetUpdater.update] Updating data set
2026-04-22 18:31:03,708 DEBUG [DataSetUpdater.update] Update done
2026-04-22 18:31:03,708 INFO  [IocGenerator.logModulesVersionInfo] Version info: 
2026-04-22 18:31:03,714 INFO  [IocGenerator.logModulesVersionInfo]   MC Workbench       : 6.4.1
2026-04-22 18:31:03,714 INFO  [IocGenerator.logModulesVersionInfo]   WB_to_Mx           : 6.4.1-RC1-Full.template-25-05-06
2026-04-22 18:31:03,716 INFO  [IocGenerator.logModulesVersionInfo]   STM32CubeMX        : 6.12.0
2026-04-22 18:31:03,716 INFO  [IocGenerator.logModulesVersionInfo]   MC Firmware Library: 6.4.1-Full
2026-04-22 18:31:03,716 INFO  [IocGenerator.logModulesVersionInfo] 
Generation options: 
2026-04-22 18:31:03,716 INFO  [IocGenerator.logModulesVersionInfo]   Target Toolchain   : ST STM32CubeIDE
2026-04-22 18:31:03,716 INFO  [IocGenerator.logModulesVersionInfo]   Target Driver      : HAL - Hardware Abstraction Layer
2026-04-22 18:31:03,717 INFO  [IocGenerator.logModulesVersionInfo]   Target STM32 FW    : 1.6.0

2026-04-22 18:31:03,717 DEBUG [IocGenerator.process] C:\Users\dozav\Documents\GitHub\CUBLI_B-G431B-ESC1\CUBLI_motor_control\CUBLI_motor_control.ioc ioc file: Generating
2026-04-22 18:31:03,718 DEBUG [IocGenerator.createOutput] Generating file from template templates\wb_ioc_template.ftl
2026-04-22 18:31:04,191 DEBUG [IocGenerator.process] ioc file C:\Users\dozav\Documents\GitHub\CUBLI_B-G431B-ESC1\CUBLI_motor_control\CUBLI_motor_control.ioc Generated
2026-04-22 18:31:04,193 INFO  [LineInfo_to_exitCode.log_LineInfo] C:\Users\dozav\Documents\GitHub\CUBLI_B-G431B-ESC1\CUBLI_motor_control\CUBLI_motor_control.ioc ioc: Generated
2026-04-22 18:31:04,224 INFO  [Wb2MxProcess.lambda$copyFolder$e7a869af$1] Folder Overwritten C:\Users\dozav\Documents\GitHub\CUBLI_B-G431B-ESC1\CUBLI_motor_control\ftl
2026-04-22 18:31:04,241 INFO  [extSettings.lambda$writeContentToFile$f5919002$1] Generated C:\Users\dozav\Documents\GitHub\CUBLI_B-G431B-ESC1\CUBLI_motor_control\.extSettings
2026-04-22 18:31:04,242 INFO  [Wb2MxProcess.lambda$run$$19] 
Started STM32CubeMX for final c-code generation
2026-04-22 18:31:04,249 DEBUG [CubeMxRunner.create_code_generation_script_for] Generated CubeMx script file: C:\Users\dozav\AppData\Local\Temp\WB_to_Mx-cublimotorcontrol-16560195889192602366.script
2026-04-22 18:31:04,911 DEBUG [LineInfo_to_exitCode.log_LineInfo] 2026-04-22 18:31:04,908 [INFO] MicroXplorer:98 - [MX] MX Start == 3912676299500
2026-04-22 18:31:04,911 DEBUG [LineInfo_to_exitCode.log_LineInfo] 2026-04-22 18:31:04,910 [INFO] MicroXplorer:653 - Detected Java Version = 17.0.11
2026-04-22 18:31:04,912 DEBUG [LineInfo_to_exitCode.log_LineInfo] 2026-04-22 18:31:04,912 [INFO] ApplicationProperties:184 - Using Application install path: C:\Users\dozav\AppData\Local\Programs\STM32CubeMX
2026-04-22 18:31:04,925 DEBUG [LineInfo_to_exitCode.log_LineInfo] 2026-04-22 18:31:04,925 [INFO] DbMcusXml:78 - Set database path to: C:\Users\dozav\AppData\Local\Programs\STM32CubeMX\\db\/mcu/
2026-04-22 18:31:04,925 DEBUG [LineInfo_to_exitCode.log_LineInfo] 2026-04-22 18:31:04,925 [INFO] ApiDb:274 - Set plugin database path to: C:\Users\dozav\AppData\Local\Programs\STM32CubeMX\\db\/plugins/boardmanager/
2026-04-22 18:31:04,927 DEBUG [LineInfo_to_exitCode.log_LineInfo] 2026-04-22 18:31:04,927 [INFO] McuFinderGlobals:63 - Set McuFinder mode to 1 (CubeMX integrated)
2026-04-22 18:31:04,939 DEBUG [LineInfo_to_exitCode.log_LineInfo] 2026-04-22 18:31:04,939 [INFO] ApiDb:250 - Set database path to: C:\Users\dozav\.stmcufinder\plugins\mcufinder//mcu/
2026-04-22 18:31:04,940 DEBUG [LineInfo_to_exitCode.log_LineInfo] 2026-04-22 18:31:04,939 [INFO] DbMcusAds:125 - Set database path to: C:\Users\dozav\.stmcufinder\plugins\mcufinder//mcu/
2026-04-22 18:31:04,962 DEBUG [LineInfo_to_exitCode.log_LineInfo] 2026-04-22 18:31:04,961 [INFO] CrossReferenceDbSqlite:203 - Set database path to: C:\Users\dozav\.stmcufinder\plugins\mcufinder//mcu/cs/
2026-04-22 18:31:05,037 DEBUG [LineInfo_to_exitCode.log_LineInfo] 2026-04-22 18:31:05,037 [INFO] RulesReader:64 - Compatibility file has been processed (297 Rules)
2026-04-22 18:31:05,050 DEBUG [LineInfo_to_exitCode.log_LineInfo] 2026-04-22 18:31:05,050 [INFO] STM32CubeMX:60 - Starting STM32CubeMX
2026-04-22 18:31:05,328 DEBUG [LineInfo_to_exitCode.log_LineInfo] 2026-04-22 18:31:05,328 [INFO] MainPanel:268 - HeapMemory: 83886080
2026-04-22 18:31:05,493 DEBUG [LineInfo_to_exitCode.log_LineInfo] 2026-04-22 18:31:05,492 [INFO] DbMcusXml:78 - Set database path to: C:\Users\dozav\AppData\Local\Programs\STM32CubeMX\\db\/mcu/
2026-04-22 18:31:05,493 DEBUG [LineInfo_to_exitCode.log_LineInfo] 2026-04-22 18:31:05,493 [INFO] ApiDb:274 - Set plugin database path to: C:\Users\dozav\AppData\Local\Programs\STM32CubeMX\\db\/plugins/boardmanager/
2026-04-22 18:31:05,493 DEBUG [LineInfo_to_exitCode.log_LineInfo] 2026-04-22 18:31:05,493 [INFO] ApiDb:261 - Set plugin images path to: C:\Users\dozav\AppData\Local\Programs\STM32CubeMX\\db\/plugins/mcufinder/images/
2026-04-22 18:31:05,493 DEBUG [LineInfo_to_exitCode.log_LineInfo] 2026-04-22 18:31:05,493 [INFO] ApiDb:250 - Set database path to: C:\Users\dozav\.stmcufinder\plugins\mcufinder//mcu/
2026-04-22 18:31:05,493 DEBUG [LineInfo_to_exitCode.log_LineInfo] 2026-04-22 18:31:05,493 [INFO] DbMcusAds:125 - Set database path to: C:\Users\dozav\.stmcufinder\plugins\mcufinder//mcu/
2026-04-22 18:31:05,494 DEBUG [LineInfo_to_exitCode.log_LineInfo] 2026-04-22 18:31:05,494 [INFO] CrossReferenceDbSqlite:203 - Set database path to: C:\Users\dozav\.stmcufinder\plugins\mcufinder//mcu/cs/
2026-04-22 18:31:05,506 DEBUG [LineInfo_to_exitCode.log_LineInfo] 2026-04-22 18:31:05,505 [INFO] ApplicationProperties:184 - Using Application install path: C:\Users\dozav\AppData\Local\Programs\STM32CubeMX
2026-04-22 18:31:05,506 DEBUG [LineInfo_to_exitCode.log_LineInfo] 2026-04-22 18:31:05,506 [INFO] PluginManage:196 - Search for loadable plugins [exclusion list=, ]
2026-04-22 18:31:05,508 DEBUG [LineInfo_to_exitCode.log_LineInfo] 2026-04-22 18:31:05,507 [INFO] PluginManage:310 - Check plugin analytics
2026-04-22 18:31:11,114 DEBUG [LineInfo_to_exitCode.log_LineInfo] 2026-04-22 18:31:11,114 [INFO] AnalyticsPlugin:253 - Accepted Software Licenses: STM32CubeMX.6.12.0
2026-04-22 18:31:11,115 DEBUG [LineInfo_to_exitCode.log_LineInfo] 2026-04-22 18:31:11,114 [INFO] AnalyticsPlugin:255 - Accepted CMSIS Pack Licenses: 
2026-04-22 18:31:11,115 DEBUG [LineInfo_to_exitCode.log_LineInfo] 2026-04-22 18:31:11,114 [INFO] AnalyticsPlugin:257 - Accepted Firmware Licenses: FW.F7.1.17.0,FW.F4.1.28.0,FW.G0.1.6.0,FW.G4.1.6.0,FW.H5.1.3.0,FW.H7.1.11.0,FW.L4.1.18.0,FW.L5.1.5.0,FW.U5.1.6.0,FW.WB.1.20.0,FW.G4.1.5.0
2026-04-22 18:31:11,116 DEBUG [LineInfo_to_exitCode.log_LineInfo] 2026-04-22 18:31:11,116 [INFO] PluginManage:359 - Loaded plugin analytics (category:tool,tabindex:-1)
2026-04-22 18:31:11,118 DEBUG [LineInfo_to_exitCode.log_LineInfo] 2026-04-22 18:31:11,116 [INFO] PluginManage:310 - Check plugin cadmodel
2026-04-22 18:31:11,147 DEBUG [LineInfo_to_exitCode.log_LineInfo] 2026-04-22 18:31:11,147 [INFO] CADModel:105 - Init CAD model plugin
2026-04-22 18:31:11,148 DEBUG [LineInfo_to_exitCode.log_LineInfo] 2026-04-22 18:31:11,147 [INFO] PluginManage:359 - Loaded plugin cadmodel (category:power,tabindex:5)
2026-04-22 18:31:11,148 DEBUG [LineInfo_to_exitCode.log_LineInfo] 2026-04-22 18:31:11,148 [INFO] PluginManage:310 - Check plugin clock
2026-04-22 18:31:11,159 DEBUG [LineInfo_to_exitCode.log_LineInfo] 2026-04-22 18:31:11,159 [INFO] PluginManage:359 - Loaded plugin clock (category:base,tabindex:2)
2026-04-22 18:31:11,160 DEBUG [LineInfo_to_exitCode.log_LineInfo] 2026-04-22 18:31:11,159 [INFO] PluginManage:310 - Check plugin ddr
2026-04-22 18:31:11,168 DEBUG [LineInfo_to_exitCode.log_LineInfo] 2026-04-22 18:31:11,168 [INFO] PluginManage:359 - Loaded plugin ddr (category:tool,tabindex:6)
2026-04-22 18:31:11,168 DEBUG [LineInfo_to_exitCode.log_LineInfo] 2026-04-22 18:31:11,168 [INFO] PluginManage:310 - Check plugin filemanager
2026-04-22 18:31:11,259 DEBUG [LineInfo_to_exitCode.log_LineInfo] 2026-04-22 18:31:11,259 [INFO] PluginManage:359 - Loaded plugin filemanager (category:base,tabindex:10)
2026-04-22 18:31:11,260 DEBUG [LineInfo_to_exitCode.log_LineInfo] 2026-04-22 18:31:11,259 [INFO] PluginManage:310 - Check plugin ipmanager
2026-04-22 18:31:11,273 DEBUG [LineInfo_to_exitCode.log_LineInfo] 2026-04-22 18:31:11,272 [INFO] PluginManage:359 - Loaded plugin ipmanager (category:base,tabindex:5)
2026-04-22 18:31:11,273 DEBUG [LineInfo_to_exitCode.log_LineInfo] 2026-04-22 18:31:11,272 [INFO] PluginManage:310 - Check plugin lpbam
2026-04-22 18:31:11,284 DEBUG [LineInfo_to_exitCode.log_LineInfo] 2026-04-22 18:31:11,284 [INFO] PluginManage:359 - Loaded plugin lpbam (category:base,tabindex:0)
2026-04-22 18:31:11,284 DEBUG [LineInfo_to_exitCode.log_LineInfo] 2026-04-22 18:31:11,284 [INFO] PluginManage:310 - Check plugin memorymap
2026-04-22 18:31:11,299 DEBUG [LineInfo_to_exitCode.log_LineInfo] 2026-04-22 18:31:11,298 [INFO] PluginManage:359 - Loaded plugin memorymap (category:base,tabindex:4)
2026-04-22 18:31:11,299 DEBUG [LineInfo_to_exitCode.log_LineInfo] 2026-04-22 18:31:11,298 [INFO] PluginManage:310 - Check plugin pinoutandconfiguration
2026-04-22 18:31:11,308 DEBUG [LineInfo_to_exitCode.log_LineInfo] 2026-04-22 18:31:11,308 [INFO] PluginManage:359 - Loaded plugin pinoutandconfiguration (category:base,tabindex:1)
2026-04-22 18:31:11,308 DEBUG [LineInfo_to_exitCode.log_LineInfo] 2026-04-22 18:31:11,308 [INFO] PluginManage:310 - Check plugin pinoutconfig
2026-04-22 18:31:11,462 DEBUG [LineInfo_to_exitCode.log_LineInfo] 2026-04-22 18:31:11,462 [INFO] PluginManage:359 - Loaded plugin pinoutconfig (category:base,tabindex:0)
2026-04-22 18:31:11,462 DEBUG [LineInfo_to_exitCode.log_LineInfo] 2026-04-22 18:31:11,462 [INFO] PluginManage:310 - Check plugin power
2026-04-22 18:31:11,476 DEBUG [LineInfo_to_exitCode.log_LineInfo] 2026-04-22 18:31:11,476 [INFO] PluginManage:359 - Loaded plugin power (category:power,tabindex:4)
2026-04-22 18:31:11,477 DEBUG [LineInfo_to_exitCode.log_LineInfo] 2026-04-22 18:31:11,476 [INFO] PluginManage:310 - Check plugin projectmanager
2026-04-22 18:31:11,523 DEBUG [LineInfo_to_exitCode.log_LineInfo] 2026-04-22 18:31:11,523 [INFO] PluginManage:359 - Loaded plugin projectmanager (category:projectmanager,tabindex:4)
2026-04-22 18:31:11,523 DEBUG [LineInfo_to_exitCode.log_LineInfo] 2026-04-22 18:31:11,523 [INFO] PluginManage:310 - Check plugin rif
2026-04-22 18:31:11,532 DEBUG [LineInfo_to_exitCode.log_LineInfo] 2026-04-22 18:31:11,532 [INFO] PluginManage:359 - Loaded plugin rif (category:base,tabindex:3)
2026-04-22 18:31:11,532 DEBUG [LineInfo_to_exitCode.log_LineInfo] 2026-04-22 18:31:11,532 [INFO] PluginManage:310 - Check plugin thirdparty
2026-04-22 18:31:11,744 DEBUG [LineInfo_to_exitCode.log_LineInfo] 2026-04-22 18:31:11,744 [INFO] PluginManage:359 - Loaded plugin thirdparty (category:base,tabindex:-1)
2026-04-22 18:31:11,744 DEBUG [LineInfo_to_exitCode.log_LineInfo] 2026-04-22 18:31:11,744 [INFO] PluginManage:310 - Check plugin tools
2026-04-22 18:31:11,745 DEBUG [LineInfo_to_exitCode.log_LineInfo] 2026-04-22 18:31:11,744 [INFO] IntegrityCheckThread:86 - entering critical section [integrity check]
2026-04-22 18:31:11,745 DEBUG [LineInfo_to_exitCode.log_LineInfo] 2026-04-22 18:31:11,745 [INFO] ThirdPartyUpdaterWithRetryManager:70 - Updater plugin not ready yet. [1/15]
2026-04-22 18:31:11,776 DEBUG [LineInfo_to_exitCode.log_LineInfo] 2026-04-22 18:31:11,776 [INFO] PluginManage:359 - Loaded plugin tools (category:base,tabindex:7)
2026-04-22 18:31:11,776 DEBUG [LineInfo_to_exitCode.log_LineInfo] 2026-04-22 18:31:11,776 [INFO] PluginManage:310 - Check plugin tutovideos
2026-04-22 18:31:11,884 DEBUG [LineInfo_to_exitCode.log_LineInfo] 2026-04-22 18:31:11,883 [INFO] PluginManage:359 - Loaded plugin tutovideos (category:base,tabindex:-1)
2026-04-22 18:31:11,884 DEBUG [LineInfo_to_exitCode.log_LineInfo] 2026-04-22 18:31:11,884 [INFO] PluginManage:310 - Check plugin updater
2026-04-22 18:31:11,902 DEBUG [LineInfo_to_exitCode.log_LineInfo] 2026-04-22 18:31:11,901 [INFO] PluginManage:359 - Loaded plugin updater (category:base,tabindex:12)
2026-04-22 18:31:11,902 DEBUG [LineInfo_to_exitCode.log_LineInfo] 2026-04-22 18:31:11,902 [INFO] PluginManage:310 - Check plugin userauth
2026-04-22 18:31:11,915 DEBUG [LineInfo_to_exitCode.log_LineInfo] 2026-04-22 18:31:11,914 [INFO] UserAuth:113 - Init User Auth plugin
2026-04-22 18:31:11,915 DEBUG [LineInfo_to_exitCode.log_LineInfo] 2026-04-22 18:31:11,915 [INFO] PluginManage:359 - Loaded plugin userauth (category:base,tabindex:14)
2026-04-22 18:31:11,915 DEBUG [LineInfo_to_exitCode.log_LineInfo] 2026-04-22 18:31:11,915 [INFO] PluginManage:283 - PluginManage : Loaded plugins [18]
2026-04-22 18:31:12,062 DEBUG [LineInfo_to_exitCode.log_LineInfo] 2026-04-22 18:31:12,061 [INFO] PinOutPanel:1561 - setPackage(No Configuration,No Configuration)
2026-04-22 18:31:12,119 DEBUG [LineInfo_to_exitCode.log_LineInfo] 2026-04-22 18:31:12,119 [INFO] CADModel:165 - CPN selected for project level
2026-04-22 18:31:12,119 DEBUG [LineInfo_to_exitCode.log_LineInfo] 2026-04-22 18:31:12,119 [INFO] CADModel:114 - Register for checkConnection events
2026-04-22 18:31:12,154 DEBUG [LineInfo_to_exitCode.log_LineInfo] 2026-04-22 18:31:12,154 [INFO] IPUIPlugin:80 - create IPUIPlugin
2026-04-22 18:31:12,154 DEBUG [LineInfo_to_exitCode.log_LineInfo] 2026-04-22 18:31:12,154 [INFO] PluginManager:220 - loadIPPluginJar : add adc
2026-04-22 18:31:12,185 DEBUG [LineInfo_to_exitCode.log_LineInfo] 2026-04-22 18:31:12,185 [INFO] IPUIPlugin:80 - create IPUIPlugin
2026-04-22 18:31:12,185 DEBUG [LineInfo_to_exitCode.log_LineInfo] 2026-04-22 18:31:12,185 [INFO] PluginManager:220 - loadIPPluginJar : add aes
2026-04-22 18:31:12,213 DEBUG [LineInfo_to_exitCode.log_LineInfo] 2026-04-22 18:31:12,212 [INFO] IPUIPlugin:80 - create IPUIPlugin
2026-04-22 18:31:12,213 DEBUG [LineInfo_to_exitCode.log_LineInfo] 2026-04-22 18:31:12,212 [INFO] PluginManager:220 - loadIPPluginJar : add can
2026-04-22 18:31:12,228 DEBUG [LineInfo_to_exitCode.log_LineInfo] 2026-04-22 18:31:12,227 [INFO] IPUIPlugin:80 - create IPUIPlugin
2026-04-22 18:31:12,228 DEBUG [LineInfo_to_exitCode.log_LineInfo] 2026-04-22 18:31:12,228 [INFO] PluginManager:220 - loadIPPluginJar : add comp
2026-04-22 18:31:12,249 DEBUG [LineInfo_to_exitCode.log_LineInfo] 2026-04-22 18:31:12,249 [INFO] IPUIPlugin:80 - create IPUIPlugin
2026-04-22 18:31:12,250 DEBUG [LineInfo_to_exitCode.log_LineInfo] 2026-04-22 18:31:12,249 [INFO] PluginManager:220 - loadIPPluginJar : add cryp
2026-04-22 18:31:12,258 DEBUG [LineInfo_to_exitCode.log_LineInfo] 2026-04-22 18:31:12,257 [INFO] IPUIPlugin:80 - create IPUIPlugin
2026-04-22 18:31:12,258 DEBUG [LineInfo_to_exitCode.log_LineInfo] 2026-04-22 18:31:12,257 [INFO] PluginManager:220 - loadIPPluginJar : add ddr_ctrl_phy
2026-04-22 18:31:12,277 DEBUG [LineInfo_to_exitCode.log_LineInfo] 2026-04-22 18:31:12,277 [INFO] IPUIPlugin:80 - create IPUIPlugin
2026-04-22 18:31:12,277 DEBUG [LineInfo_to_exitCode.log_LineInfo] 2026-04-22 18:31:12,277 [INFO] PluginManager:220 - loadIPPluginJar : add dfsdm
2026-04-22 18:31:12,286 DEBUG [LineInfo_to_exitCode.log_LineInfo] 2026-04-22 18:31:12,286 [INFO] IPUIPlugin:80 - create IPUIPlugin
2026-04-22 18:31:12,286 DEBUG [LineInfo_to_exitCode.log_LineInfo] 2026-04-22 18:31:12,286 [INFO] PluginManager:220 - loadIPPluginJar : add dma
2026-04-22 18:31:12,317 DEBUG [LineInfo_to_exitCode.log_LineInfo] 2026-04-22 18:31:12,317 [INFO] IPUIPlugin:80 - create IPUIPlugin
2026-04-22 18:31:12,317 DEBUG [LineInfo_to_exitCode.log_LineInfo] 2026-04-22 18:31:12,317 [INFO] PluginManager:220 - loadIPPluginJar : add dma3
2026-04-22 18:31:12,350 DEBUG [LineInfo_to_exitCode.log_LineInfo] 2026-04-22 18:31:12,350 [INFO] IPUIPlugin:80 - create IPUIPlugin
2026-04-22 18:31:12,350 DEBUG [LineInfo_to_exitCode.log_LineInfo] 2026-04-22 18:31:12,350 [INFO] PluginManager:220 - loadIPPluginJar : add extmemmanager
2026-04-22 18:31:12,364 DEBUG [LineInfo_to_exitCode.log_LineInfo] 2026-04-22 18:31:12,364 [INFO] IPUIPlugin:80 - create IPUIPlugin
2026-04-22 18:31:12,364 DEBUG [LineInfo_to_exitCode.log_LineInfo] 2026-04-22 18:31:12,364 [INFO] PluginManager:220 - loadIPPluginJar : add fatfs
2026-04-22 18:31:12,394 DEBUG [LineInfo_to_exitCode.log_LineInfo] 2026-04-22 18:31:12,394 [INFO] IPUIPlugin:80 - create IPUIPlugin
2026-04-22 18:31:12,394 DEBUG [LineInfo_to_exitCode.log_LineInfo] 2026-04-22 18:31:12,394 [INFO] PluginManager:220 - loadIPPluginJar : add fmc
2026-04-22 18:31:12,402 DEBUG [LineInfo_to_exitCode.log_LineInfo] 2026-04-22 18:31:12,402 [INFO] IPUIPlugin:80 - create IPUIPlugin
2026-04-22 18:31:12,402 DEBUG [LineInfo_to_exitCode.log_LineInfo] 2026-04-22 18:31:12,402 [INFO] PluginManager:220 - loadIPPluginJar : add freertos
2026-04-22 18:31:12,417 DEBUG [LineInfo_to_exitCode.log_LineInfo] 2026-04-22 18:31:12,417 [INFO] IPUIPlugin:80 - create IPUIPlugin
2026-04-22 18:31:12,418 DEBUG [LineInfo_to_exitCode.log_LineInfo] 2026-04-22 18:31:12,417 [INFO] PluginManager:220 - loadIPPluginJar : add genericplugin
2026-04-22 18:31:12,476 DEBUG [LineInfo_to_exitCode.log_LineInfo] 2026-04-22 18:31:12,476 [INFO] IPUIPlugin:80 - create IPUIPlugin
2026-04-22 18:31:12,477 DEBUG [LineInfo_to_exitCode.log_LineInfo] 2026-04-22 18:31:12,477 [INFO] PluginManager:220 - loadIPPluginJar : add gfxmmu
2026-04-22 18:31:12,564 DEBUG [LineInfo_to_exitCode.log_LineInfo] 2026-04-22 18:31:12,564 [INFO] IPUIPlugin:80 - create IPUIPlugin
2026-04-22 18:31:12,564 DEBUG [LineInfo_to_exitCode.log_LineInfo] 2026-04-22 18:31:12,564 [INFO] PluginManager:220 - loadIPPluginJar : add gic
2026-04-22 18:31:12,572 DEBUG [LineInfo_to_exitCode.log_LineInfo] 2026-04-22 18:31:12,572 [INFO] IPUIPlugin:80 - create IPUIPlugin
2026-04-22 18:31:12,572 DEBUG [LineInfo_to_exitCode.log_LineInfo] 2026-04-22 18:31:12,572 [INFO] PluginManager:220 - loadIPPluginJar : add gpio
2026-04-22 18:31:12,633 DEBUG [LineInfo_to_exitCode.log_LineInfo] 2026-04-22 18:31:12,632 [INFO] IPUIPlugin:80 - create IPUIPlugin
2026-04-22 18:31:12,633 DEBUG [LineInfo_to_exitCode.log_LineInfo] 2026-04-22 18:31:12,633 [INFO] PluginManager:220 - loadIPPluginJar : add gtzc
2026-04-22 18:31:12,654 DEBUG [LineInfo_to_exitCode.log_LineInfo] 2026-04-22 18:31:12,654 [INFO] IPUIPlugin:80 - create IPUIPlugin
2026-04-22 18:31:12,656 DEBUG [LineInfo_to_exitCode.log_LineInfo] 2026-04-22 18:31:12,654 [INFO] PluginManager:220 - loadIPPluginJar : add hash
2026-04-22 18:31:12,691 DEBUG [LineInfo_to_exitCode.log_LineInfo] 2026-04-22 18:31:12,689 [INFO] IPUIPlugin:80 - create IPUIPlugin
2026-04-22 18:31:12,691 DEBUG [LineInfo_to_exitCode.log_LineInfo] 2026-04-22 18:31:12,691 [INFO] PluginManager:220 - loadIPPluginJar : add i2c
2026-04-22 18:31:12,717 DEBUG [LineInfo_to_exitCode.log_LineInfo] 2026-04-22 18:31:12,716 [INFO] IPUIPlugin:80 - create IPUIPlugin
2026-04-22 18:31:12,717 DEBUG [LineInfo_to_exitCode.log_LineInfo] 2026-04-22 18:31:12,717 [INFO] PluginManager:220 - loadIPPluginJar : add i2s
2026-04-22 18:31:12,744 DEBUG [LineInfo_to_exitCode.log_LineInfo] 2026-04-22 18:31:12,744 [INFO] IPUIPlugin:80 - create IPUIPlugin
2026-04-22 18:31:12,744 DEBUG [LineInfo_to_exitCode.log_LineInfo] 2026-04-22 18:31:12,744 [INFO] PluginManager:220 - loadIPPluginJar : add i3c
2026-04-22 18:31:12,810 DEBUG [LineInfo_to_exitCode.log_LineInfo] 2026-04-22 18:31:12,810 [INFO] IPUIPlugin:80 - create IPUIPlugin
2026-04-22 18:31:12,812 DEBUG [LineInfo_to_exitCode.log_LineInfo] 2026-04-22 18:31:12,810 [INFO] PluginManager:220 - loadIPPluginJar : add ipddr
2026-04-22 18:31:12,869 DEBUG [LineInfo_to_exitCode.log_LineInfo] 2026-04-22 18:31:12,868 [INFO] IPUIPlugin:80 - create IPUIPlugin
2026-04-22 18:31:12,869 DEBUG [LineInfo_to_exitCode.log_LineInfo] 2026-04-22 18:31:12,868 [INFO] PluginManager:220 - loadIPPluginJar : add linkedlist
2026-04-22 18:31:12,891 DEBUG [LineInfo_to_exitCode.log_LineInfo] 2026-04-22 18:31:12,891 [INFO] IPUIPlugin:80 - create IPUIPlugin
2026-04-22 18:31:12,891 DEBUG [LineInfo_to_exitCode.log_LineInfo] 2026-04-22 18:31:12,891 [INFO] PluginManager:220 - loadIPPluginJar : add lorawan
2026-04-22 18:31:12,916 DEBUG [LineInfo_to_exitCode.log_LineInfo] 2026-04-22 18:31:12,916 [INFO] IPUIPlugin:80 - create IPUIPlugin
2026-04-22 18:31:12,916 DEBUG [LineInfo_to_exitCode.log_LineInfo] 2026-04-22 18:31:12,916 [INFO] PluginManager:220 - loadIPPluginJar : add ltdc
2026-04-22 18:31:12,925 DEBUG [LineInfo_to_exitCode.log_LineInfo] 2026-04-22 18:31:12,925 [INFO] IPUIPlugin:80 - create IPUIPlugin
2026-04-22 18:31:12,925 DEBUG [LineInfo_to_exitCode.log_LineInfo] 2026-04-22 18:31:12,925 [INFO] PluginManager:220 - loadIPPluginJar : add mdma
2026-04-22 18:31:12,932 DEBUG [LineInfo_to_exitCode.log_LineInfo] 2026-04-22 18:31:12,932 [INFO] IPUIPlugin:80 - create IPUIPlugin
2026-04-22 18:31:12,932 DEBUG [LineInfo_to_exitCode.log_LineInfo] 2026-04-22 18:31:12,932 [INFO] PluginManager:220 - loadIPPluginJar : add nvic
2026-04-22 18:31:12,956 DEBUG [LineInfo_to_exitCode.log_LineInfo] 2026-04-22 18:31:12,956 [INFO] IPUIPlugin:80 - create IPUIPlugin
2026-04-22 18:31:12,956 DEBUG [LineInfo_to_exitCode.log_LineInfo] 2026-04-22 18:31:12,956 [INFO] PluginManager:220 - loadIPPluginJar : add opamp
2026-04-22 18:31:12,995 DEBUG [LineInfo_to_exitCode.log_LineInfo] 2026-04-22 18:31:12,995 [INFO] IPUIPlugin:80 - create IPUIPlugin
2026-04-22 18:31:12,995 DEBUG [LineInfo_to_exitCode.log_LineInfo] 2026-04-22 18:31:12,995 [INFO] PluginManager:220 - loadIPPluginJar : add openamp
2026-04-22 18:31:13,022 DEBUG [LineInfo_to_exitCode.log_LineInfo] 2026-04-22 18:31:13,022 [INFO] IPUIPlugin:80 - create IPUIPlugin
2026-04-22 18:31:13,023 DEBUG [LineInfo_to_exitCode.log_LineInfo] 2026-04-22 18:31:13,022 [INFO] PluginManager:220 - loadIPPluginJar : add pdm2pcm
2026-04-22 18:31:13,031 DEBUG [LineInfo_to_exitCode.log_LineInfo] 2026-04-22 18:31:13,031 [INFO] IPUIPlugin:80 - create IPUIPlugin
2026-04-22 18:31:13,032 DEBUG [LineInfo_to_exitCode.log_LineInfo] 2026-04-22 18:31:13,032 [INFO] PluginManager:220 - loadIPPluginJar : add plateformsettings
2026-04-22 18:31:13,046 DEBUG [LineInfo_to_exitCode.log_LineInfo] 2026-04-22 18:31:13,046 [INFO] IPUIPlugin:80 - create IPUIPlugin
2026-04-22 18:31:13,047 DEBUG [LineInfo_to_exitCode.log_LineInfo] 2026-04-22 18:31:13,046 [INFO] PluginManager:220 - loadIPPluginJar : add quadspi
2026-04-22 18:31:13,066 DEBUG [LineInfo_to_exitCode.log_LineInfo] 2026-04-22 18:31:13,066 [INFO] IPUIPlugin:80 - create IPUIPlugin
2026-04-22 18:31:13,067 DEBUG [LineInfo_to_exitCode.log_LineInfo] 2026-04-22 18:31:13,067 [INFO] PluginManager:220 - loadIPPluginJar : add radio
2026-04-22 18:31:13,075 DEBUG [LineInfo_to_exitCode.log_LineInfo] 2026-04-22 18:31:13,075 [INFO] IPUIPlugin:80 - create IPUIPlugin
2026-04-22 18:31:13,075 DEBUG [LineInfo_to_exitCode.log_LineInfo] 2026-04-22 18:31:13,075 [INFO] PluginManager:220 - loadIPPluginJar : add resmgrutility
2026-04-22 18:31:13,107 DEBUG [LineInfo_to_exitCode.log_LineInfo] 2026-04-22 18:31:13,107 [INFO] IPUIPlugin:80 - create IPUIPlugin
2026-04-22 18:31:13,108 DEBUG [LineInfo_to_exitCode.log_LineInfo] 2026-04-22 18:31:13,107 [INFO] PluginManager:220 - loadIPPluginJar : add sai
2026-04-22 18:31:13,133 DEBUG [LineInfo_to_exitCode.log_LineInfo] 2026-04-22 18:31:13,133 [INFO] IPUIPlugin:80 - create IPUIPlugin
2026-04-22 18:31:13,133 DEBUG [LineInfo_to_exitCode.log_LineInfo] 2026-04-22 18:31:13,133 [INFO] PluginManager:220 - loadIPPluginJar : add spi
2026-04-22 18:31:13,179 DEBUG [LineInfo_to_exitCode.log_LineInfo] 2026-04-22 18:31:13,179 [INFO] IPUIPlugin:80 - create IPUIPlugin
2026-04-22 18:31:13,179 DEBUG [LineInfo_to_exitCode.log_LineInfo] 2026-04-22 18:31:13,179 [INFO] PluginManager:220 - loadIPPluginJar : add stm32_wpan
2026-04-22 18:31:13,195 DEBUG [LineInfo_to_exitCode.log_LineInfo] 2026-04-22 18:31:13,195 [INFO] IPUIPlugin:80 - create IPUIPlugin
2026-04-22 18:31:13,196 DEBUG [LineInfo_to_exitCode.log_LineInfo] 2026-04-22 18:31:13,195 [INFO] PluginManager:220 - loadIPPluginJar : add tim
2026-04-22 18:31:13,235 DEBUG [LineInfo_to_exitCode.log_LineInfo] 2026-04-22 18:31:13,234 [INFO] IPUIPlugin:80 - create IPUIPlugin
2026-04-22 18:31:13,235 DEBUG [LineInfo_to_exitCode.log_LineInfo] 2026-04-22 18:31:13,235 [INFO] PluginManager:220 - loadIPPluginJar : add touchsensing
2026-04-22 18:31:13,253 DEBUG [LineInfo_to_exitCode.log_LineInfo] 2026-04-22 18:31:13,253 [INFO] IPUIPlugin:80 - create IPUIPlugin
2026-04-22 18:31:13,254 DEBUG [LineInfo_to_exitCode.log_LineInfo] 2026-04-22 18:31:13,253 [INFO] PluginManager:220 - loadIPPluginJar : add tracer_emb
2026-04-22 18:31:13,273 DEBUG [LineInfo_to_exitCode.log_LineInfo] 2026-04-22 18:31:13,273 [INFO] IPUIPlugin:80 - create IPUIPlugin
2026-04-22 18:31:13,273 DEBUG [LineInfo_to_exitCode.log_LineInfo] 2026-04-22 18:31:13,273 [INFO] PluginManager:220 - loadIPPluginJar : add ts
2026-04-22 18:31:13,290 DEBUG [LineInfo_to_exitCode.log_LineInfo] 2026-04-22 18:31:13,290 [INFO] IPUIPlugin:80 - create IPUIPlugin
2026-04-22 18:31:13,290 DEBUG [LineInfo_to_exitCode.log_LineInfo] 2026-04-22 18:31:13,290 [INFO] PluginManager:220 - loadIPPluginJar : add tsc
2026-04-22 18:31:13,308 DEBUG [LineInfo_to_exitCode.log_LineInfo] 2026-04-22 18:31:13,308 [INFO] IPUIPlugin:80 - create IPUIPlugin
2026-04-22 18:31:13,308 DEBUG [LineInfo_to_exitCode.log_LineInfo] 2026-04-22 18:31:13,308 [INFO] PluginManager:220 - loadIPPluginJar : add ucpd
2026-04-22 18:31:13,338 DEBUG [LineInfo_to_exitCode.log_LineInfo] 2026-04-22 18:31:13,338 [INFO] IPUIPlugin:80 - create IPUIPlugin
2026-04-22 18:31:13,338 DEBUG [LineInfo_to_exitCode.log_LineInfo] 2026-04-22 18:31:13,338 [INFO] PluginManager:220 - loadIPPluginJar : add usart
2026-04-22 18:31:13,370 DEBUG [LineInfo_to_exitCode.log_LineInfo] 2026-04-22 18:31:13,370 [INFO] IPUIPlugin:80 - create IPUIPlugin
2026-04-22 18:31:13,371 DEBUG [LineInfo_to_exitCode.log_LineInfo] 2026-04-22 18:31:13,370 [INFO] PluginManager:220 - loadIPPluginJar : add usbx
2026-04-22 18:31:13,383 DEBUG [LineInfo_to_exitCode.log_LineInfo] 2026-04-22 18:31:13,383 [INFO] Updater:1100 - Updater Version found : 6.12.0
2026-04-22 18:31:13,392 DEBUG [LineInfo_to_exitCode.log_LineInfo] 2026-04-22 18:31:13,392 [INFO] ApplicationProperties:184 - Using Application install path: C:\Users\dozav\AppData\Local\Programs\STM32CubeMX
2026-04-22 18:31:14,752 DEBUG [LineInfo_to_exitCode.log_LineInfo] 2026-04-22 18:31:14,752 [INFO] ThirdPartyUpdaterWithRetryManager:70 - Updater plugin not ready yet. [2/15]
2026-04-22 18:31:14,989 DEBUG [LineInfo_to_exitCode.log_LineInfo] mx [ERROR] stderr - Apr 22, 2026 6:31:14 PM java.util.prefs.WindowsPreferences <init>
2026-04-22 18:31:14,990 DEBUG [LineInfo_to_exitCode.log_LineInfo] mx [ERROR] stderr - WARNING: Could not open/create prefs root node Software\JavaSoft\Prefs at root 0xffffffff80000002. Windows RegCreateKeyEx(...) returned error code 5.
2026-04-22 18:31:15,129 DEBUG [LineInfo_to_exitCode.log_LineInfo] 2026-04-22 18:31:15,129 [INFO] MainUpdater:526 - Copy updater definitions from MX database
2026-04-22 18:31:15,567 DEBUG [LineInfo_to_exitCode.log_LineInfo] 2026-04-22 18:31:15,567 [INFO] MainUpdater:2873 - connection check result : 10
2026-04-22 18:31:15,567 DEBUG [LineInfo_to_exitCode.log_LineInfo] 2026-04-22 18:31:15,567 [INFO] MainUpdater:3567 - Updater definition file requires update
2026-04-22 18:31:15,568 DEBUG [LineInfo_to_exitCode.log_LineInfo] 2026-04-22 18:31:15,568 [INFO] MainUpdater:290 - Updater Check For Update Now.
2026-04-22 18:31:15,568 DEBUG [LineInfo_to_exitCode.log_LineInfo] 2026-04-22 18:31:15,568 [INFO] MicroXplorer:498 - Change Database Version : DB.6.0.120
2026-04-22 18:31:15,663 DEBUG [LineInfo_to_exitCode.log_LineInfo] 2026-04-22 18:31:15,663 [INFO] CADModel:165 - CPN selected for project level
2026-04-22 18:31:15,663 DEBUG [LineInfo_to_exitCode.log_LineInfo] 2026-04-22 18:31:15,663 [INFO] CADModel:114 - Register for checkConnection events
2026-04-22 18:31:15,704 DEBUG [LineInfo_to_exitCode.log_LineInfo] 2026-04-22 18:31:15,703 [INFO] ServerAccessManage:473 - Download File updaters.zip
2026-04-22 18:31:15,737 DEBUG [LineInfo_to_exitCode.log_LineInfo] 2026-04-22 18:31:15,737 [INFO] CADModel:165 - CPN selected for project level
2026-04-22 18:31:15,737 DEBUG [LineInfo_to_exitCode.log_LineInfo] 2026-04-22 18:31:15,737 [INFO] CADModel:114 - Register for checkConnection events
2026-04-22 18:31:15,770 DEBUG [LineInfo_to_exitCode.log_LineInfo] 2026-04-22 18:31:15,770 [INFO] HomeAdPanel:103 - Auto-refresh data requested => check proxy status ongoing
2026-04-22 18:31:15,774 WARN  [LineInfo_to_exitCode.log_LineInfo] Updater is busy
2026-04-22 18:31:15,774 WARN  [LineInfo_to_exitCode.log_LineInfo] Failed to refresh advertisement data
2026-04-22 18:31:15,820 DEBUG [LineInfo_to_exitCode.log_LineInfo] 2026-04-22 18:31:15,819 [INFO] DbMcusAds:53 - JSON generation date=Fri Apr 10 11:19:02 CEST 2026 (1775812742310)
2026-04-22 18:31:15,820 WARN  [LineInfo_to_exitCode.log_LineInfo] Updater is busy
2026-04-22 18:31:15,827 DEBUG [LineInfo_to_exitCode.log_LineInfo] 2026-04-22 18:31:15,826 [INFO] FileExtend:240 - Unzip File : updaters.zip
2026-04-22 18:31:15,827 DEBUG [LineInfo_to_exitCode.log_LineInfo] 2026-04-22 18:31:15,827 [INFO] FileExtend:255 - Standard Zip Deflate
2026-04-22 18:31:15,923 WARN  [LineInfo_to_exitCode.log_LineInfo] Updater is busy
2026-04-22 18:31:15,986 WARN  [LineInfo_to_exitCode.log_LineInfo] Updater is busy
2026-04-22 18:31:16,063 DEBUG [LineInfo_to_exitCode.log_LineInfo] 2026-04-22 18:31:16,063 [INFO] MainFrame:202 - [MX] HOME_PANEL == 3923834566700
2026-04-22 18:31:16,064 DEBUG [LineInfo_to_exitCode.log_LineInfo] 2026-04-22 18:31:16,064 [INFO] MainFrame:537 - Register for checkConnection events
2026-04-22 18:31:16,071 DEBUG [LineInfo_to_exitCode.log_LineInfo] 2026-04-22 18:31:16,069 [INFO] UserAuth:417 - Internet connection configuration mode: 1
2026-04-22 18:31:16,088 DEBUG [LineInfo_to_exitCode.log_LineInfo] 2026-04-22 18:31:16,088 [INFO] JxBrowserEngine:152 - Initiate JxBrowser Engine with user profile folder
2026-04-22 18:31:16,091 DEBUG [LineInfo_to_exitCode.log_LineInfo] 2026-04-22 18:31:16,091 [INFO] ServerAccessManage:473 - Download File PacksControlFlags.xml
2026-04-22 18:31:16,139 DEBUG [LineInfo_to_exitCode.log_LineInfo] 2026-04-22 18:31:16,139 [INFO] RulesReader:64 - Compatibility file has been processed (297 Rules)
2026-04-22 18:31:16,146 DEBUG [LineInfo_to_exitCode.log_LineInfo] 2026-04-22 18:31:16,146 [INFO] RulesReader:64 - Compatibility file has been processed (297 Rules)
2026-04-22 18:31:16,149 DEBUG [LineInfo_to_exitCode.log_LineInfo] 2026-04-22 18:31:16,149 [INFO] MicroXplorer:468 - Change Database Path : 
2026-04-22 18:31:16,149 DEBUG [LineInfo_to_exitCode.log_LineInfo] 2026-04-22 18:31:16,149 [INFO] MicroXplorer:498 - Change Database Version : DB.6.0.120
2026-04-22 18:31:16,174 DEBUG [LineInfo_to_exitCode.log_LineInfo] 2026-04-22 18:31:16,173 [INFO] ServerAccessManage:473 - Download File cubemx.pidx
2026-04-22 18:31:16,480 DEBUG [LineInfo_to_exitCode.log_LineInfo] 2026-04-22 18:31:16,479 [INFO] ServerAccessManage:473 - Download File STMicroelectronics.FP-SNS-STAIOTCFT.pdsc
2026-04-22 18:31:16,710 DEBUG [LineInfo_to_exitCode.log_LineInfo] 2026-04-22 18:31:16,709 [INFO] ServerAccessManage:473 - Download File STMicroelectronics.X-CUBE-FREERTOS.pdsc
2026-04-22 18:31:17,227 DEBUG [LineInfo_to_exitCode.log_LineInfo] 2026-04-22 18:31:17,227 [INFO] ServerAccessManage:473 - Download File STMicroelectronics.X-CUBE-ST67W61.pdsc
2026-04-22 18:31:17,760 DEBUG [LineInfo_to_exitCode.log_LineInfo] 2026-04-22 18:31:17,760 [INFO] ThirdPartyUpdaterWithRetryManager:96 - Updater plugin is busy. [1/15]
2026-04-22 18:31:18,198 DEBUG [LineInfo_to_exitCode.log_LineInfo] 2026-04-22 18:31:18,198 [INFO] WebApp:167 - Instantiating new browser for Auth
2026-04-22 18:31:18,488 DEBUG [LineInfo_to_exitCode.log_LineInfo] 2026-04-22 18:31:18,488 [INFO] ServerAccessManage:473 - Download File WES.I-CUBE-Cesium.pdsc
2026-04-22 18:31:18,650 DEBUG [LineInfo_to_exitCode.log_LineInfo] 2026-04-22 18:31:18,650 [INFO] WebApp:448 - Apply proxy settings
2026-04-22 18:31:18,650 DEBUG [LineInfo_to_exitCode.log_LineInfo] 2026-04-22 18:31:18,650 [INFO] WebApp:533 - Chromium requires no authentication
2026-04-22 18:31:18,657 DEBUG [LineInfo_to_exitCode.log_LineInfo] 2026-04-22 18:31:18,656 [INFO] WebApp:476 - Direct internet connection detected
2026-04-22 18:31:18,672 DEBUG [LineInfo_to_exitCode.log_LineInfo] 2026-04-22 18:31:18,672 [INFO] WebApp:869 - Register for checkConnection events
2026-04-22 18:31:18,672 DEBUG [LineInfo_to_exitCode.log_LineInfo] 2026-04-22 18:31:18,672 [INFO] WebApp:448 - Apply proxy settings
2026-04-22 18:31:18,672 DEBUG [LineInfo_to_exitCode.log_LineInfo] 2026-04-22 18:31:18,672 [INFO] WebApp:533 - Chromium requires no authentication
2026-04-22 18:31:18,672 DEBUG [LineInfo_to_exitCode.log_LineInfo] 2026-04-22 18:31:18,672 [INFO] WebApp:476 - Direct internet connection detected
2026-04-22 18:31:18,780 DEBUG [LineInfo_to_exitCode.log_LineInfo] 2026-04-22 18:31:18,780 [INFO] WebApp:220 - Starting web application
2026-04-22 18:31:18,780 DEBUG [LineInfo_to_exitCode.log_LineInfo] 2026-04-22 18:31:18,780 [INFO] WebApp:578 - Web application path used jar:file:/C:/Users/dozav/AppData/Local/Programs/STM32CubeMX/STM32CubeMX.exe!/db/plugins/mcufinder/reactClient1/index.html
2026-04-22 18:31:18,885 DEBUG [LineInfo_to_exitCode.log_LineInfo] 2026-04-22 18:31:18,885 [INFO] WebApp:186 - Connection restablished
2026-04-22 18:31:19,217 WARN  [LineInfo_to_exitCode.log_LineInfo] Problem, file not found on Server
2026-04-22 18:31:19,482 WARN  [LineInfo_to_exitCode.log_LineInfo] Problem, file not found on Server
2026-04-22 18:31:19,594 DEBUG [LineInfo_to_exitCode.log_LineInfo] 2026-04-22 18:31:19,594 [INFO] PopulateThirdPartyThread:66 - Ending populate Thread
2026-04-22 18:31:19,594 DEBUG [LineInfo_to_exitCode.log_LineInfo] 2026-04-22 18:31:19,594 [INFO] LoadServerUpdatesThread:375 - End of LoadServerUpdate Thread
2026-04-22 18:31:19,760 DEBUG [LineInfo_to_exitCode.log_LineInfo] 2026-04-22 18:31:19,759 [INFO] CheckServerUpdateThread:120 - End of CheckServer Thread
2026-04-22 18:31:21,008 ERROR [LineInfo_to_exitCode.log_LineInfo] C:\Users\dozav\.stm32cubemx\thirdparties\pdsc\Cesanta.I-CUBE-Mongoose.7.19.0.pdsc: PDSC version is not supported
2026-04-22 18:31:21,016 ERROR [LineInfo_to_exitCode.log_LineInfo] C:\Users\dozav\.stm32cubemx\thirdparties\pdsc\STMicroelectronics.FP-SNS-MOTENV1.5.1.0.pdsc: PDSC version is not supported
2026-04-22 18:31:21,026 ERROR [LineInfo_to_exitCode.log_LineInfo] C:\Users\dozav\.stm32cubemx\thirdparties\pdsc\WES.I-CUBE-Cesium.1.4.0.pdsc: PDSC version is not supported
2026-04-22 18:31:21,088 ERROR [LineInfo_to_exitCode.log_LineInfo] C:\Users\dozav\.stm32cubemx\thirdparties\pdsc\STMicroelectronics.FP-SNS-MOTENVWB1.1.5.0.pdsc: PDSC version is not supported
2026-04-22 18:31:21,109 ERROR [LineInfo_to_exitCode.log_LineInfo] C:\Users\dozav\.stm32cubemx\thirdparties\pdsc\STMicroelectronics.X-CUBE-ST60.1.1.0.pdsc: PDSC version is not supported
2026-04-22 18:31:21,139 ERROR [LineInfo_to_exitCode.log_LineInfo] C:\Users\dozav\.stm32cubemx\thirdparties\pdsc\STMicroelectronics.FP-SNS-STBOX1.2.1.0.pdsc: PDSC version is not supported
2026-04-22 18:31:21,151 ERROR [LineInfo_to_exitCode.log_LineInfo] C:\Users\dozav\.stm32cubemx\thirdparties\pdsc\STMicroelectronics.FP-SNS-FLIGHT1.5.1.0.pdsc: PDSC version is not supported
2026-04-22 18:31:21,211 ERROR [LineInfo_to_exitCode.log_LineInfo] C:\Users\dozav\.stm32cubemx\thirdparties\pdsc\Avnet-IOTCONNECT.X-CUBE-iotc-st67-sdk.1.0.0.pdsc: PDSC version is not supported
2026-04-22 18:31:21,252 ERROR [LineInfo_to_exitCode.log_LineInfo] C:\Users\dozav\.stm32cubemx\thirdparties\pdsc\STMicroelectronics.X-CUBE-FREERTOS.1.4.0.pdsc: PDSC version is not supported
2026-04-22 18:31:21,272 ERROR [LineInfo_to_exitCode.log_LineInfo] C:\Users\dozav\.stm32cubemx\thirdparties\pdsc\STMicroelectronics.X-CUBE-ST67W61.1.1.0.pdsc: PDSC version is not supported
2026-04-22 18:31:21,283 ERROR [LineInfo_to_exitCode.log_LineInfo] C:\Users\dozav\.stm32cubemx\thirdparties\pdsc\STMicroelectronics.FP-SNS-STAIOTCFT.1.1.0.pdsc: PDSC version is not supported
2026-04-22 18:31:21,400 DEBUG [LineInfo_to_exitCode.log_LineInfo] 2026-04-22 18:31:21,400 [ERROR] ConditionMgr:805 - Attr not supported : Dmpu
2026-04-22 18:31:21,400 DEBUG [LineInfo_to_exitCode.log_LineInfo] 2026-04-22 18:31:21,400 [ERROR] ConditionMgr:805 - Attr not supported : Dmpu
2026-04-22 18:31:21,400 DEBUG [LineInfo_to_exitCode.log_LineInfo] 2026-04-22 18:31:21,400 [ERROR] ConditionMgr:805 - Attr not supported : Dmpu
2026-04-22 18:31:21,400 DEBUG [LineInfo_to_exitCode.log_LineInfo] 2026-04-22 18:31:21,400 [ERROR] ConditionMgr:805 - Attr not supported : Dmpu
2026-04-22 18:31:21,400 DEBUG [LineInfo_to_exitCode.log_LineInfo] 2026-04-22 18:31:21,400 [ERROR] ConditionMgr:805 - Attr not supported : Dmpu
2026-04-22 18:31:21,400 DEBUG [LineInfo_to_exitCode.log_LineInfo] 2026-04-22 18:31:21,400 [ERROR] ConditionMgr:805 - Attr not supported : Dmpu
2026-04-22 18:31:21,400 DEBUG [LineInfo_to_exitCode.log_LineInfo] 2026-04-22 18:31:21,400 [ERROR] ConditionMgr:805 - Attr not supported : Dmpu
2026-04-22 18:31:21,400 DEBUG [LineInfo_to_exitCode.log_LineInfo] 2026-04-22 18:31:21,400 [ERROR] ConditionMgr:805 - Attr not supported : Dmpu
2026-04-22 18:31:21,400 DEBUG [LineInfo_to_exitCode.log_LineInfo] 2026-04-22 18:31:21,400 [ERROR] ConditionMgr:805 - Attr not supported : Dmpu
2026-04-22 18:31:21,401 DEBUG [LineInfo_to_exitCode.log_LineInfo] 2026-04-22 18:31:21,400 [ERROR] ConditionMgr:805 - Attr not supported : Dmpu
2026-04-22 18:31:21,401 DEBUG [LineInfo_to_exitCode.log_LineInfo] 2026-04-22 18:31:21,400 [ERROR] ConditionMgr:805 - Attr not supported : Dmpu
2026-04-22 18:31:21,401 DEBUG [LineInfo_to_exitCode.log_LineInfo] 2026-04-22 18:31:21,400 [ERROR] ConditionMgr:805 - Attr not supported : Dmpu
2026-04-22 18:31:21,401 DEBUG [LineInfo_to_exitCode.log_LineInfo] 2026-04-22 18:31:21,400 [ERROR] ConditionMgr:805 - Attr not supported : Dmpu
2026-04-22 18:31:21,401 DEBUG [LineInfo_to_exitCode.log_LineInfo] 2026-04-22 18:31:21,400 [ERROR] ConditionMgr:805 - Attr not supported : Dmpu
2026-04-22 18:31:21,401 DEBUG [LineInfo_to_exitCode.log_LineInfo] 2026-04-22 18:31:21,400 [ERROR] ConditionMgr:805 - Attr not supported : Dmpu
2026-04-22 18:31:21,401 DEBUG [LineInfo_to_exitCode.log_LineInfo] 2026-04-22 18:31:21,400 [ERROR] ConditionMgr:805 - Attr not supported : Dmpu
2026-04-22 18:31:21,402 DEBUG [LineInfo_to_exitCode.log_LineInfo] 2026-04-22 18:31:21,400 [ERROR] ConditionMgr:805 - Attr not supported : Dmpu
2026-04-22 18:31:21,402 DEBUG [LineInfo_to_exitCode.log_LineInfo] 2026-04-22 18:31:21,400 [ERROR] ConditionMgr:805 - Attr not supported : Dmpu
2026-04-22 18:31:21,402 DEBUG [LineInfo_to_exitCode.log_LineInfo] 2026-04-22 18:31:21,400 [ERROR] ConditionMgr:805 - Attr not supported : Dmpu
2026-04-22 18:31:21,402 DEBUG [LineInfo_to_exitCode.log_LineInfo] 2026-04-22 18:31:21,400 [ERROR] ConditionMgr:805 - Attr not supported : Dmpu
2026-04-22 18:31:21,402 DEBUG [LineInfo_to_exitCode.log_LineInfo] 2026-04-22 18:31:21,400 [ERROR] ConditionMgr:805 - Attr not supported : Dmpu
2026-04-22 18:31:21,402 DEBUG [LineInfo_to_exitCode.log_LineInfo] 2026-04-22 18:31:21,400 [ERROR] ConditionMgr:805 - Attr not supported : Dmpu
2026-04-22 18:31:21,402 DEBUG [LineInfo_to_exitCode.log_LineInfo] 2026-04-22 18:31:21,400 [ERROR] ConditionMgr:805 - Attr not supported : Dmpu
2026-04-22 18:31:21,402 DEBUG [LineInfo_to_exitCode.log_LineInfo] 2026-04-22 18:31:21,400 [ERROR] ConditionMgr:805 - Attr not supported : Dmpu
2026-04-22 18:31:21,402 DEBUG [LineInfo_to_exitCode.log_LineInfo] 2026-04-22 18:31:21,400 [ERROR] ConditionMgr:805 - Attr not supported : Dmpu
2026-04-22 18:31:21,402 DEBUG [LineInfo_to_exitCode.log_LineInfo] 2026-04-22 18:31:21,400 [ERROR] ConditionMgr:805 - Attr not supported : Dmpu
2026-04-22 18:31:21,402 DEBUG [LineInfo_to_exitCode.log_LineInfo] 2026-04-22 18:31:21,400 [ERROR] ConditionMgr:805 - Attr not supported : Dmpu
2026-04-22 18:31:21,402 DEBUG [LineInfo_to_exitCode.log_LineInfo] 2026-04-22 18:31:21,400 [ERROR] ConditionMgr:805 - Attr not supported : Dmpu
2026-04-22 18:31:21,402 DEBUG [LineInfo_to_exitCode.log_LineInfo] 2026-04-22 18:31:21,400 [ERROR] ConditionMgr:805 - Attr not supported : Dmpu
2026-04-22 18:31:21,402 DEBUG [LineInfo_to_exitCode.log_LineInfo] 2026-04-22 18:31:21,400 [ERROR] ConditionMgr:805 - Attr not supported : Dmpu
2026-04-22 18:31:21,403 DEBUG [LineInfo_to_exitCode.log_LineInfo] 2026-04-22 18:31:21,400 [ERROR] ConditionMgr:805 - Attr not supported : Dmpu
2026-04-22 18:31:21,403 DEBUG [LineInfo_to_exitCode.log_LineInfo] 2026-04-22 18:31:21,400 [ERROR] ConditionMgr:805 - Attr not supported : Dmpu
2026-04-22 18:31:21,403 DEBUG [LineInfo_to_exitCode.log_LineInfo] 2026-04-22 18:31:21,400 [ERROR] ConditionMgr:805 - Attr not supported : Dmpu
2026-04-22 18:31:21,403 DEBUG [LineInfo_to_exitCode.log_LineInfo] 2026-04-22 18:31:21,400 [ERROR] ConditionMgr:805 - Attr not supported : Dmpu
2026-04-22 18:31:21,403 DEBUG [LineInfo_to_exitCode.log_LineInfo] 2026-04-22 18:31:21,400 [ERROR] ConditionMgr:805 - Attr not supported : Dmpu
2026-04-22 18:31:21,403 DEBUG [LineInfo_to_exitCode.log_LineInfo] 2026-04-22 18:31:21,400 [ERROR] ConditionMgr:805 - Attr not supported : Dmpu
2026-04-22 18:31:21,403 DEBUG [LineInfo_to_exitCode.log_LineInfo] 2026-04-22 18:31:21,400 [ERROR] ConditionMgr:805 - Attr not supported : Dmpu
2026-04-22 18:31:21,403 DEBUG [LineInfo_to_exitCode.log_LineInfo] 2026-04-22 18:31:21,400 [ERROR] ConditionMgr:805 - Attr not supported : Dmpu
2026-04-22 18:31:21,403 DEBUG [LineInfo_to_exitCode.log_LineInfo] 2026-04-22 18:31:21,400 [ERROR] ConditionMgr:805 - Attr not supported : Dmpu
2026-04-22 18:31:21,403 DEBUG [LineInfo_to_exitCode.log_LineInfo] 2026-04-22 18:31:21,400 [ERROR] ConditionMgr:805 - Attr not supported : Dmpu
2026-04-22 18:31:21,403 DEBUG [LineInfo_to_exitCode.log_LineInfo] 2026-04-22 18:31:21,400 [ERROR] ConditionMgr:805 - Attr not supported : Dmpu
2026-04-22 18:31:21,403 DEBUG [LineInfo_to_exitCode.log_LineInfo] 2026-04-22 18:31:21,400 [ERROR] ConditionMgr:805 - Attr not supported : Dmpu
2026-04-22 18:31:21,403 DEBUG [LineInfo_to_exitCode.log_LineInfo] 2026-04-22 18:31:21,400 [ERROR] ConditionMgr:805 - Attr not supported : Dmpu
2026-04-22 18:31:21,403 DEBUG [LineInfo_to_exitCode.log_LineInfo] 2026-04-22 18:31:21,400 [ERROR] ConditionMgr:805 - Attr not supported : Dmpu
2026-04-22 18:31:21,403 DEBUG [LineInfo_to_exitCode.log_LineInfo] 2026-04-22 18:31:21,400 [ERROR] ConditionMgr:805 - Attr not supported : Dmpu
2026-04-22 18:31:21,403 DEBUG [LineInfo_to_exitCode.log_LineInfo] 2026-04-22 18:31:21,401 [ERROR] ConditionMgr:805 - Attr not supported : Dmpu
2026-04-22 18:31:21,403 DEBUG [LineInfo_to_exitCode.log_LineInfo] 2026-04-22 18:31:21,401 [ERROR] ConditionMgr:805 - Attr not supported : Dmpu
2026-04-22 18:31:21,403 DEBUG [LineInfo_to_exitCode.log_LineInfo] 2026-04-22 18:31:21,401 [ERROR] ConditionMgr:805 - Attr not supported : Dmpu
2026-04-22 18:31:21,403 DEBUG [LineInfo_to_exitCode.log_LineInfo] 2026-04-22 18:31:21,401 [ERROR] ConditionMgr:805 - Attr not supported : Dmpu
2026-04-22 18:31:21,403 DEBUG [LineInfo_to_exitCode.log_LineInfo] 2026-04-22 18:31:21,401 [ERROR] ConditionMgr:805 - Attr not supported : Dmpu
2026-04-22 18:31:21,403 DEBUG [LineInfo_to_exitCode.log_LineInfo] 2026-04-22 18:31:21,401 [ERROR] ConditionMgr:805 - Attr not supported : Dmpu
2026-04-22 18:31:21,403 DEBUG [LineInfo_to_exitCode.log_LineInfo] 2026-04-22 18:31:21,401 [ERROR] ConditionMgr:805 - Attr not supported : Dmpu
2026-04-22 18:31:21,403 DEBUG [LineInfo_to_exitCode.log_LineInfo] 2026-04-22 18:31:21,401 [ERROR] ConditionMgr:805 - Attr not supported : Dmpu
2026-04-22 18:31:21,403 DEBUG [LineInfo_to_exitCode.log_LineInfo] 2026-04-22 18:31:21,401 [ERROR] ConditionMgr:805 - Attr not supported : Dmpu
2026-04-22 18:31:21,403 DEBUG [LineInfo_to_exitCode.log_LineInfo] 2026-04-22 18:31:21,401 [ERROR] ConditionMgr:805 - Attr not supported : Dmpu
2026-04-22 18:31:21,403 DEBUG [LineInfo_to_exitCode.log_LineInfo] 2026-04-22 18:31:21,401 [ERROR] ConditionMgr:805 - Attr not supported : Dmpu
2026-04-22 18:31:21,403 DEBUG [LineInfo_to_exitCode.log_LineInfo] 2026-04-22 18:31:21,401 [ERROR] ConditionMgr:805 - Attr not supported : Dmpu
2026-04-22 18:31:21,403 DEBUG [LineInfo_to_exitCode.log_LineInfo] 2026-04-22 18:31:21,401 [ERROR] ConditionMgr:805 - Attr not supported : Dmpu
2026-04-22 18:31:21,403 DEBUG [LineInfo_to_exitCode.log_LineInfo] 2026-04-22 18:31:21,401 [ERROR] ConditionMgr:805 - Attr not supported : Dmpu
2026-04-22 18:31:21,405 DEBUG [LineInfo_to_exitCode.log_LineInfo] 2026-04-22 18:31:21,401 [ERROR] ConditionMgr:805 - Attr not supported : Dmpu
2026-04-22 18:31:21,405 DEBUG [LineInfo_to_exitCode.log_LineInfo] 2026-04-22 18:31:21,402 [ERROR] ConditionMgr:805 - Attr not supported : Dmpu
2026-04-22 18:31:21,405 DEBUG [LineInfo_to_exitCode.log_LineInfo] 2026-04-22 18:31:21,402 [ERROR] ConditionMgr:805 - Attr not supported : Dmpu
2026-04-22 18:31:21,405 DEBUG [LineInfo_to_exitCode.log_LineInfo] 2026-04-22 18:31:21,402 [ERROR] ConditionMgr:805 - Attr not supported : Dmpu
2026-04-22 18:31:21,405 DEBUG [LineInfo_to_exitCode.log_LineInfo] 2026-04-22 18:31:21,402 [ERROR] ConditionMgr:805 - Attr not supported : Dmpu
2026-04-22 18:31:21,426 ERROR [LineInfo_to_exitCode.log_LineInfo] C:\Users\dozav\.stm32cubemx\thirdparties\pdsc\STMicroelectronics.X-CUBE-TCPP.4.2.0.pdsc: PDSC version is not supported
2026-04-22 18:31:21,448 ERROR [LineInfo_to_exitCode.log_LineInfo] C:\Users\dozav\.stm32cubemx\thirdparties\pdsc\STMicroelectronics.X-CUBE-FREERTOS.1.5.0.pdsc: PDSC version is not supported
2026-04-22 18:31:21,643 ERROR [LineInfo_to_exitCode.log_LineInfo] C:\Users\dozav\.stm32cubemx\thirdparties\pdsc\STMicroelectronics.X-CUBE-IPS.3.2.0.pdsc: PDSC version is not supported
2026-04-22 18:31:21,646 ERROR [LineInfo_to_exitCode.log_LineInfo] C:\Users\dozav\.stm32cubemx\thirdparties\pdsc\STMicroelectronics.eDS-WB_DPC_TT-BIDIR.2.1.1.pdsc: PDSC version is not supported
2026-04-22 18:31:21,690 ERROR [LineInfo_to_exitCode.log_LineInfo] C:\Users\dozav\.stm32cubemx\thirdparties\pdsc\STMicroelectronics.eDS-WB_DPC_VIENNA.1.2.0.pdsc: PDSC version is not supported
2026-04-22 18:31:21,691 ERROR [LineInfo_to_exitCode.log_LineInfo] C:\Users\dozav\.stm32cubemx\thirdparties\pdsc\STMicroelectronics.eDS-WB_DPC_3PH2L-BIDIR.1.1.1.pdsc: PDSC version is not supported
2026-04-22 18:31:21,701 ERROR [LineInfo_to_exitCode.log_LineInfo] C:\Users\dozav\.stm32cubemx\thirdparties\pdsc\STMicroelectronics.X-CUBE-ST67W61.1.3.0.pdsc: PDSC version is not supported
2026-04-22 18:31:21,740 ERROR [LineInfo_to_exitCode.log_LineInfo] C:\Users\dozav\.stm32cubemx\thirdparties\pdsc\STMicroelectronics.FP-SNS-STAIOTCFT.1.0.0.pdsc: PDSC version is not supported
2026-04-22 18:31:21,801 ERROR [LineInfo_to_exitCode.log_LineInfo] C:\Users\dozav\.stm32cubemx\thirdparties\pdsc\STMicroelectronics.X-CUBE-ST67W61.1.2.0.pdsc: PDSC version is not supported
2026-04-22 18:31:21,812 ERROR [LineInfo_to_exitCode.log_LineInfo] C:\Users\dozav\.stm32cubemx\thirdparties\pdsc\STMicroelectronics.X-CUBE-BLEMGR.4.1.0.pdsc: PDSC version is not supported
2026-04-22 18:31:21,955 ERROR [LineInfo_to_exitCode.log_LineInfo] C:\Users\dozav\.stm32cubemx\thirdparties\pdsc\STMicroelectronics.X-CUBE-TOF1.3.4.3.pdsc: PDSC version is not supported
2026-04-22 18:31:21,956 DEBUG [LineInfo_to_exitCode.log_LineInfo] 2026-04-22 18:31:21,956 [INFO] ThirdParty:978 - Integrity check success = true
2026-04-22 18:31:21,956 DEBUG [LineInfo_to_exitCode.log_LineInfo] 2026-04-22 18:31:21,956 [INFO] IntegrityCheckThread:100 - exiting critical section [integrity check]
2026-04-22 18:31:21,956 DEBUG [LineInfo_to_exitCode.log_LineInfo] 2026-04-22 18:31:21,956 [INFO] IntegrityCheckThread:103 - End integrity checks thread
2026-04-22 18:31:21,956 DEBUG [LineInfo_to_exitCode.log_LineInfo] 2026-04-22 18:31:21,956 [INFO] ThirdParty:873 - entering critical section [close project]
2026-04-22 18:31:21,956 DEBUG [LineInfo_to_exitCode.log_LineInfo] 2026-04-22 18:31:21,956 [INFO] ThirdParty:883 - exiting critical section [close project]
2026-04-22 18:31:21,957 DEBUG [LineInfo_to_exitCode.log_LineInfo] 2026-04-22 18:31:21,957 [INFO] PinOutPanel:1561 - setPackage(No Configuration,No Configuration)
2026-04-22 18:31:21,970 DEBUG [LineInfo_to_exitCode.log_LineInfo] 2026-04-22 18:31:21,970 [INFO] UtilMem:75 - Begin LoadConfig() Used Memory: 177357608 Bytes (226492416)
2026-04-22 18:31:21,980 DEBUG [LineInfo_to_exitCode.log_LineInfo] 2026-04-22 18:31:21,980 [INFO] MicroXplorer:468 - Change Database Path : 
2026-04-22 18:31:21,980 DEBUG [LineInfo_to_exitCode.log_LineInfo] 2026-04-22 18:31:21,980 [INFO] MicroXplorer:498 - Change Database Version : DB.6.0.120
2026-04-22 18:31:21,980 DEBUG [LineInfo_to_exitCode.log_LineInfo] 2026-04-22 18:31:21,980 [INFO] OpenFileManager:332 - Change cursor
2026-04-22 18:31:22,003 DEBUG [LineInfo_to_exitCode.log_LineInfo] 2026-04-22 18:31:22,001 [INFO] Mcu:2032 - Initializing MCU STM32G431C(6-8-B)Ux STM32G431CBUx 
2026-04-22 18:31:22,106 DEBUG [LineInfo_to_exitCode.log_LineInfo] 2026-04-22 18:31:22,106 [INFO] ApiDb:581 - Connected to CubeFinder SQLite database (C:\Users\dozav\.stmcufinder\plugins\mcufinder\mcu\cube-finder-db.db)
2026-04-22 18:31:22,169 DEBUG [LineInfo_to_exitCode.log_LineInfo] 2026-04-22 18:31:22,169 [INFO] ApiDb:668 - CubeFinder database Data Model version=2.1
2026-04-22 18:31:22,169 DEBUG [LineInfo_to_exitCode.log_LineInfo] 2026-04-22 18:31:22,169 [INFO] ApiDb:669 - CubeFinder database Configuration version=3.0.39
2026-04-22 18:31:22,169 DEBUG [LineInfo_to_exitCode.log_LineInfo] 2026-04-22 18:31:22,169 [INFO] ApiDb:670 - CubeFinder database generation date=2025-11-05 (1762334721)
2026-04-22 18:31:22,169 DEBUG [LineInfo_to_exitCode.log_LineInfo] 2026-04-22 18:31:22,169 [INFO] ApiDb:671 - CubeFinder database FW Pack versions=[FP-ATR-ASTRA1_V2.0.0, FP-SNS-FLIGHT1_V5.1.0, FP-SNS-MOTENV1_V5.1.0, FP-SNS-MOTENVWB1_V1.4.0, FP-SNS-SMARTAG2_V1.2.0, FP-SNS-STBOX1_V2.1.0, STM32Cube_FW_C0_V1.4.0, STM32Cube_FW_F4_V1.28.3, STM32Cube_FW_F7_V1.17.4, STM32Cube_FW_G0_V1.6.2, STM32Cube_FW_G4_V1.6.1, STM32Cube_FW_H5_V1.5.1, STM32Cube_FW_H7RS_V1.3.0, STM32Cube_FW_H7_V1.12.1, STM32Cube_FW_L0_V1.12.2, STM32Cube_FW_L4_V1.18.1, STM32Cube_FW_L5_V1.6.0, STM32Cube_FW_N6_V1.3.0, STM32Cube_FW_U0_V1.3.0, STM32Cube_FW_U3_V1.2.1, STM32Cube_FW_U5_V1.8.0, STM32Cube_FW_WB0_V1.4.0, STM32Cube_FW_WBA_V1.8.0, STM32Cube_FW_WB_V1.24.0, STM32Cube_FW_WL3_V1.3.0, STM32Cube_FW_WL_V1.4.0, X-CUBE-ALGOBUILD_V1.4.0, X-CUBE-ALS_V1.0.2, X-CUBE-AZRTOS-F4_V1.1.0, X-CUBE-AZRTOS-F7_V1.1.0, X-CUBE-AZRTOS-G0_V1.1.0, X-CUBE-AZRTOS-G4_V2.0.0, X-CUBE-AZRTOS-H7RS_V1.1.0, X-CUBE-AZRTOS-H7_V3.4.0, X-CUBE-AZRTOS-L4_V2.0.0, X-CUBE-AZRTOS-L5_V2.0.0, X-CUBE-AZRTOS-WB_V2.0.0, X-CUBE-AZRTOS-WL_V2.0.0, X-CUBE-BLE1_V7.1.0, X-CUBE-BLE2_V3.3.0, X-CUBE-BLEMGR_V4.1.0, X-CUBE-EEPRMA1_V5.2.0, X-CUBE-FREERTOS_V1.3.1, X-CUBE-GNSS1_V6.0.0, X-CUBE-MEMS1_V11.3.0, X-CUBE-NFC4_V3.0.0, X-CUBE-NFC7_V2.0.0, X-CUBE-SFXS2LP1_V4.0.0, X-CUBE-ST67W61_V1.1.0, X-CUBE-SUBG2_V5.0.0, X-CUBE-TOF1_V3.4.3]
2026-04-22 18:31:24,327 DEBUG [LineInfo_to_exitCode.log_LineInfo] 2026-04-22 18:31:24,326 [INFO] ApiDb:240 - Found 646 in-development CPN: [B-G473E-ZEST1S, B-WB1M-WPAN1, B-WL5M-SUBG1, NUCLEO-C031C6, NUCLEO-C071RB, NUCLEO-H503RB, NUCLEO-H533RE, NUCLEO-H563ZI, NUCLEO-H7S3L8, NUCLEO-U031R8, NUCLEO-U083RC, NUCLEO-U545RE-Q, NUCLEO-U5A5ZJ-Q, NUCLEO-WB05KZ, NUCLEO-WB07CC, NUCLEO-WB09KE, NUCLEO-WBA52CG, NUCLEO-WBA55CG, STEVAL-PROTEUS1, STEVAL-SMARTAG2, STEVAL-STWINBX1, STM320518-EVAL, STM32C0116-DK, STM32C011D6Y3TR, STM32C011D6Y6TR, STM32C011F4P3, STM32C011F4P6, STM32C011F4U3, STM32C011F4U6TR, STM32C011F6P3, STM32C011F6P6, STM32C011F6U3, STM32C011F6U6TR, STM32C011J4M3, STM32C011J4M6, STM32C011J6M3, STM32C011J6M6, STM32C0316-DK, STM32C031C4T3, STM32C031C4T6, STM32C031C4U3, STM32C031C4U6, STM32C031C6T3, STM32C031C6T6, STM32C031C6U3, STM32C031C6U6, STM32C031F4P3, STM32C031F4P6, STM32C031F6P3, STM32C031F6P6, STM32C031G4U3, STM32C031G4U6, STM32C031G6U3, STM32C031G6U6, STM32C031K4T3, STM32C031K4T6, STM32C031K4U3, STM32C031K4U6, STM32C031K6T3, STM32C031K6T6, STM32C031K6U3, STM32C031K6U6, STM32C071C8T6, STM32C071C8T6N, STM32C071C8U6, STM32C071C8U6N, STM32C071CBT6, STM32C071CBT6N, STM32C071CBU6, STM32C071CBU6N, STM32C071F8P6, STM32C071F8P6N, STM32C071FBP6, STM32C071FBP6N, STM32C071FBY6TR, STM32C071G8U6, STM32C071G8U6N, STM32C071GBU6, STM32C071GBU6N, STM32C071K8T6, STM32C071K8T6N, STM32C071K8U6, STM32C071K8U6N, STM32C071KBT6, STM32C071KBT6N, STM32C071KBU6, STM32C071KBU6N, STM32C071R8T6, STM32C071R8T6N, STM32C071RBI6N, STM32C071RBT6, STM32C071RBT6N, STM32G071K8TXN, STM32G071K8UXN, STM32G081GBU6N, STM32G081KBT6N, STM32G081KBUXN, STM32G0B1CCT6N, STM32G0B1KCT6, STM32G0B1NEY6TR, STM32G0B1RCT6N, STM32G0C1CCT6, STM32G0C1CCT6N, STM32G0C1CCU6N, STM32G0C1CET6N, STM32G0C1CEU6N, STM32G0C1KCT6, STM32G0C1NEY6TR, STM32G0C1RCI6N, STM32G0C1RCT6N, STM32G0C1REI6N, STM32G0C1RET6N, STM32G0C1VCI6, STM32G0C1VEI6, STM32G411C6T3, STM32G411C6T6, STM32G411C6U3, STM32G411C6U6, STM32G411C8T3, STM32G411C8T6, STM32G411C8U3, STM32G411C8U6, STM32G411CBT3, STM32G411CBT6, STM32G411CBU3, STM32G411CBU6, STM32G411K6T3, STM32G411K6T6, STM32G411K6U3, STM32G411K6U6, STM32G411K8T3, STM32G411K8T6, STM32G411K8U3, STM32G411K8U6, STM32G411KBT3, STM32G411KBT6, STM32G411KBU3, STM32G411KBU6, STM32G411M6T3, STM32G411M6T6, STM32G411M8T3, STM32G411M8T6, STM32G411MBT3, STM32G411MBT6, STM32G411R6T3, STM32G411R6T6, STM32G411R8T3, STM32G411R8T6, STM32G411RBT3, STM32G411RBT6, STM32G414CBT3, STM32G414CBT6, STM32G414CBU3, STM32G414CBU6, STM32G414CCT3, STM32G414CCT6, STM32G414CCU3, STM32G414CCU6, STM32G414MBT3, STM32G414MBT6, STM32G414MCT3, STM32G414MCT6, STM32G414RBT3, STM32G414RBT6, STM32G414RCT3, STM32G414RCT6, STM32G414VBT3, STM32G414VBT6, STM32G414VCT3, STM32G414VCT6, STM32G431CBT3Z, STM32G431RBT3Z, STM32G471CCT6, STM32G471CCU6, STM32G471CET3, STM32G471CET6, STM32G471CEU3, STM32G471CEU6, STM32G471MCT6, STM32G471MET3, STM32G471MET6, STM32G471MEY6TR, STM32G471QCT6, STM32G471QET3, STM32G471RCT6, STM32G471RET3, STM32G471RET6, STM32G471VCH6, STM32G471VCI6, STM32G471VCT6, STM32G471VEH3, STM32G471VEH6, STM32G471VEI3, STM32G471VEI6, STM32G471VET3, STM32G471VET6, STM32G473QET3Z, STM32G473RET3Z, STM32G474CCT6, STM32G491RET3Z, STM32H503CBT6, STM32H503CBU6, STM32H503EBY6TR, STM32H503KBU6, STM32H503RBT6, STM32H523CCT6, STM32H523CCU6, STM32H523CET6, STM32H523CEU6, STM32H523HEY6TR, STM32H523RCT6, STM32H523RET6, STM32H523VCI6, STM32H523VCT6, STM32H523VEI6, STM32H523VET6, STM32H523ZCJ6, STM32H523ZCT6, STM32H523ZEJ6, STM32H523ZET6, STM32H533CET6, STM32H533CEU6, STM32H533HEY6TR, STM32H533RET6, STM32H533VEI6, STM32H533VET6, STM32H533ZEJ6, STM32H533ZET6, STM32H562AGI6, STM32H562AII6, STM32H562IGK6, STM32H562IGT6, STM32H562IIK6, STM32H562IIT6, STM32H562RGT6, STM32H562RGV6, STM32H562RIT6, STM32H562RIV6, STM32H562VGT6, STM32H562VIT6, STM32H562ZGT6, STM32H562ZIT6, STM32H563AGI6, STM32H563AII3Q, STM32H563AII6, STM32H563IGK6, STM32H563IGT6, STM32H563IIK3Q, STM32H563IIK6, STM32H563IIT3Q, STM32H563IIT6, STM32H563MIY3QTR, STM32H563RGT6, STM32H563RGV6, STM32H563RIT6, STM32H563RIV6, STM32H563VGT6, STM32H563VIT3Q, STM32H563VIT6, STM32H563ZGT6, STM32H563ZIT3Q, STM32H563ZIT6, STM32H573AII3Q, STM32H573AII6, STM32H573I-DK, STM32H573IIK3Q, STM32H573IIK6, STM32H573IIT3Q, STM32H573IIT6, STM32H573MIY3QTR, STM32H573RIT6, STM32H573RIV6, STM32H573VIT3Q, STM32H573VIT6, STM32H573ZIT3Q, STM32H573ZIT6, STM32H7R3A8I6, STM32H7R3I8K6, STM32H7R3I8T6, STM32H7R3L8H6, STM32H7R3L8H6H, STM32H7R3R8V6, STM32H7R3V8H6, STM32H7R3V8T6, STM32H7R3V8Y6TR, STM32H7R3Z8J6, STM32H7R3Z8T6, STM32H7R7A8I6, STM32H7R7I8K6, STM32H7R7I8T6, STM32H7R7L8H6, STM32H7R7L8H6H, STM32H7R7Z8J6, STM32H7S3A8I6, STM32H7S3I8K6, STM32H7S3I8T6, STM32H7S3L8H6, STM32H7S3L8H6H, STM32H7S3R8V6, STM32H7S3V8H6, STM32H7S3V8T6, STM32H7S3V8Y6TR, STM32H7S3Z8J6, STM32H7S3Z8T6, STM32H7S78-DK, STM32H7S7A8I6, STM32H7S7I8K6, STM32H7S7I8T6, STM32H7S7L8H6, STM32H7S7L8H6H, STM32H7S7Z8J6, STM32L4R5QGI6STR, STM32MP131AAE3, STM32MP131AAF3, STM32MP131AAG3, STM32MP131CAE3, STM32MP131CAF3, STM32MP131CAG3, STM32MP131DAE7, STM32MP131DAF7, STM32MP131DAG7, STM32MP131FAE7, STM32MP131FAF7, STM32MP131FAG7, STM32MP133AAE3, STM32MP133AAF3, STM32MP133AAG3, STM32MP133CAE3, STM32MP133CAF3, STM32MP133CAG3, STM32MP133DAE7, STM32MP133DAF7, STM32MP133DAG7, STM32MP133FAE7, STM32MP133FAF7, STM32MP133FAG7, STM32MP135AAE3, STM32MP135AAF3, STM32MP135AAG3, STM32MP135CAE3, STM32MP135CAF3, STM32MP135CAG3, STM32MP135DAE7, STM32MP135DAF7, STM32MP135DAG7, STM32MP135F-DK, STM32MP135FAE7, STM32MP135FAF7, STM32MP135FAF7T, STM32MP135FAF7U, STM32MP135FAG7, STM32MP251AAI3, STM32MP251AAK3, STM32MP251AAL3, STM32MP251CAI3, STM32MP251CAK3, STM32MP251CAL3, STM32MP251DAI3, STM32MP251DAK3, STM32MP251DAL3, STM32MP251FAI3, STM32MP251FAK3, STM32MP251FAL3, STM32MP253AAI3, STM32MP253AAK3, STM32MP253AAL3, STM32MP253CAI3, STM32MP253CAK3, STM32MP253CAL3, STM32MP253DAI3, STM32MP253DAK3, STM32MP253DAL3, STM32MP253FAI3, STM32MP253FAK3, STM32MP253FAL3, STM32MP255AAI3, STM32MP255AAK3, STM32MP255AAL3, STM32MP255CAI3, STM32MP255CAK3, STM32MP255CAL3, STM32MP255DAI3, STM32MP255DAK3, STM32MP255DAL3, STM32MP255FAI3, STM32MP255FAK3, STM32MP255FAL3, STM32MP257AAI3, STM32MP257AAK3, STM32MP257AAL3, STM32MP257CAI3, STM32MP257CAK3, STM32MP257CAL3, STM32MP257DAI3, STM32MP257DAK3, STM32MP257DAL3, STM32MP257F-DK, STM32MP257F-EV1, STM32MP257FAI3, STM32MP257FAK3, STM32MP257FAL3, STM32U031C6T6, STM32U031C6U6, STM32U031C8T6, STM32U031C8U6, STM32U031F4P6, STM32U031F6P6, STM32U031F8P6, STM32U031G6Y6TR, STM32U031G8Y6TR, STM32U031K4U6, STM32U031K6U6, STM32U031K8U6, STM32U031R6I6, STM32U031R6T6, STM32U031R8I6, STM32U031R8T6, STM32U073C8T6, STM32U073C8U6, STM32U073CBT6, STM32U073CBU6, STM32U073CCT6, STM32U073CCU6, STM32U073H8Y6TR, STM32U073HBY6TR, STM32U073HCY6TR, STM32U073K8U6, STM32U073KBU6, STM32U073KCU6, STM32U073M8I6, STM32U073M8T6, STM32U073MBI6, STM32U073MBT6, STM32U073MCI6, STM32U073MCT6, STM32U073R8I6, STM32U073R8T6, STM32U073RBI6, STM32U073RBT6, STM32U073RCI6, STM32U073RCT6, STM32U083C-DK, STM32U083CCT6, STM32U083CCU6, STM32U083HCY6TR, STM32U083KCU6, STM32U083MCI6, STM32U083MCT6, STM32U083RCI6, STM32U083RCT6, STM32U535CBT6, STM32U535CBT6Q, STM32U535CBU6, STM32U535CBU6Q, STM32U535CCT6, STM32U535CCT6Q, STM32U535CCU6, STM32U535CCU6Q, STM32U535CET6, STM32U535CET6Q, STM32U535CEU6, STM32U535CEU6Q, STM32U535JEY6QTR, STM32U535NCY6QTR, STM32U535NEY6QTR, STM32U535RBI6, STM32U535RBI6Q, STM32U535RBT6, STM32U535RBT6Q, STM32U535RCI6, STM32U535RCI6Q, STM32U535RCT6, STM32U535RCT6Q, STM32U535REI6, STM32U535REI6Q, STM32U535RET6, STM32U535RET6Q, STM32U535VCI6, STM32U535VCI6Q, STM32U535VCT6, STM32U535VCT6Q, STM32U535VEI6, STM32U535VEI6Q, STM32U535VET6, STM32U535VET6Q, STM32U545CET6, STM32U545CET6Q, STM32U545CEU6, STM32U545CEU6Q, STM32U545JEY6QTR, STM32U545NEY6QTR, STM32U545REI6, STM32U545REI6Q, STM32U545RET6, STM32U545RET6Q, STM32U545VEI6, STM32U545VEI6Q, STM32U545VET6, STM32U545VET6Q, STM32U595AIH6, STM32U595AIH6Q, STM32U595AJH6, STM32U595AJH6Q, STM32U595QII6, STM32U595QII6Q, STM32U595QJI6, STM32U595QJI6Q, STM32U595RIT6, STM32U595RIT6Q, STM32U595RJT6, STM32U595RJT6Q, STM32U595VIT6, STM32U595VIT6Q, STM32U595VJT6, STM32U595VJT6Q, STM32U595ZIT6, STM32U595ZIT6Q, STM32U595ZIY6QTR, STM32U595ZJT6, STM32U595ZJT6Q, STM32U595ZJY6QTR, STM32U599BJY6QTR, STM32U599NIH6Q, STM32U599NJH6Q, STM32U599VIT6Q, STM32U599VJT6, STM32U599VJT6Q, STM32U599ZIT6Q, STM32U599ZIY6QTR, STM32U599ZJT6Q, STM32U599ZJY6QTR, STM32U5A5AJH6, STM32U5A5AJH6Q, STM32U5A5QII3Q , STM32U5A5QJI6, STM32U5A5QJI6Q, STM32U5A5RJT6, STM32U5A5RJT6Q, STM32U5A5VJT6, STM32U5A5VJT6Q, STM32U5A5ZJT6, STM32U5A5ZJT6Q, STM32U5A5ZJY6QTR, STM32U5A9BJY6QTR, STM32U5A9J-DK, STM32U5A9NJH6Q, STM32U5A9VJT6Q, STM32U5A9ZJT6Q, STM32U5A9ZJY6QTR, STM32U5F7VIT6, STM32U5F7VIT6Q, STM32U5F7VJT6, STM32U5F7VJT6Q, STM32U5F9BJY6QTR, STM32U5F9NJH6Q, STM32U5F9VIT6Q, STM32U5F9VJT6Q, STM32U5F9ZIJ6QTR, STM32U5F9ZIT6Q, STM32U5F9ZJJ6QTR, STM32U5F9ZJT6Q, STM32U5G7VJT6, STM32U5G7VJT6Q, STM32U5G9BJY6QTR, STM32U5G9J-DK1, STM32U5G9J-DK2, STM32U5G9NJH6Q, STM32U5G9VJT6Q, STM32U5G9ZJJ6QTR, STM32U5G9ZJT6Q, STM32WB05KZV6TR, STM32WB05KZV7TR, STM32WB05TZF6TR, STM32WB05TZF7TR, STM32WB06CCF6TR, STM32WB06CCF7TR, STM32WB06CCV6TR, STM32WB06CCV7TR, STM32WB06KCV6TR, STM32WB06KCV7TR, STM32WB07CCF6TR, STM32WB07CCF7TR, STM32WB07CCV6TR, STM32WB07CCV7TR, STM32WB07KCV6TR, STM32WB07KCV7TR, STM32WB09KEV6TR, STM32WB09KEV7TR, STM32WB09TEF6TR, STM32WB09TEF7TR, STM32WB1MMCH6, STM32WBA50KGU6, STM32WBA50KGU6TR, STM32WBA52CEU6, STM32WBA52CEU6TR, STM32WBA52CEU7, STM32WBA52CEU7TR, STM32WBA52CGU6, STM32WBA52CGU6TR, STM32WBA52CGU6U, STM32WBA52CGU7, STM32WBA52CGU7TR, STM32WBA52KEU6, STM32WBA52KEU6TR, STM32WBA52KGU6, STM32WBA52KGU6TR, STM32WBA54CEU6, STM32WBA54CEU6TR, STM32WBA54CEU7, STM32WBA54CEU7TR, STM32WBA54CGU6, STM32WBA54CGU6TR, STM32WBA54CGU7, STM32WBA54CGU7TR, STM32WBA54KEU6, STM32WBA54KEU6TR, STM32WBA54KEU7, STM32WBA54KEU7TR, STM32WBA54KGU6, STM32WBA54KGU6TR, STM32WBA54KGU7, STM32WBA54KGU7TR, STM32WBA55CEU6, STM32WBA55CEU6TR, STM32WBA55CEU7, STM32WBA55CEU7TR, STM32WBA55CGU6, STM32WBA55CGU6TR, STM32WBA55CGU6U, STM32WBA55CGU7, STM32WBA55CGU7TR, STM32WBA55G-DK1, STM32WBA55HEF6, STM32WBA55HEF7, STM32WBA55HGF6, STM32WBA55HGF7, STM32WBA55UEI6, STM32WBA55UEI6TR, STM32WBA55UEI7, STM32WBA55UEI7TR, STM32WBA55UGI6, STM32WBA55UGI6TR, STM32WBA55UGI7, STM32WBA55UGI7TR, STM32WL5MOCH6, STM32WL5MOCH6TR]
2026-04-22 18:31:24,330 DEBUG [LineInfo_to_exitCode.log_LineInfo] 2026-04-22 18:31:24,330 [INFO] DbMcus:218 - Found 4816 MCUs, 4816 are supported
2026-04-22 18:31:24,330 DEBUG [LineInfo_to_exitCode.log_LineInfo] 2026-04-22 18:31:24,330 [INFO] ApiDb:423 - Load user favorites file C:\Users\dozav/.stm32cubemx/favorites.mcus.txt: 0 item(s)
2026-04-22 18:31:24,330 DEBUG [LineInfo_to_exitCode.log_LineInfo] 2026-04-22 18:31:24,330 [INFO] ApiDb:427 - User favorites MCUs=[]
2026-04-22 18:31:24,330 DEBUG [LineInfo_to_exitCode.log_LineInfo] 2026-04-22 18:31:24,330 [INFO] DbMcus:224 - Set 0 / 0 favorites MCUs
2026-04-22 18:31:24,521 DEBUG [LineInfo_to_exitCode.log_LineInfo] 2026-04-22 18:31:24,521 [INFO] Mcu:2047 - No CPN specified => set CPN to STM32G431CBU3
2026-04-22 18:31:26,319 DEBUG [LineInfo_to_exitCode.log_LineInfo] 2026-04-22 18:31:26,319 [INFO] Context:742 - Trying to add GPIOservice into a context  which must be forbidden
2026-04-22 18:31:27,101 DEBUG [LineInfo_to_exitCode.log_LineInfo] 2026-04-22 18:31:27,101 [INFO] ImportTextPane:205 - (OptionalMessage_ERROR) Unable to find key (Mcu.ThirdPartyNb) in loaded IOC file
2026-04-22 18:31:27,203 DEBUG [LineInfo_to_exitCode.log_LineInfo] 2026-04-22 18:31:27,203 [INFO] RtosManager:555 - Registered RTOS mode: class=CMSIS, group=RTOS, mode=CMSIS_V1, owner=FREERTOS
2026-04-22 18:31:27,204 DEBUG [LineInfo_to_exitCode.log_LineInfo] 2026-04-22 18:31:27,203 [INFO] RtosManager:555 - Registered RTOS mode: class=CMSIS, group=RTOS2, mode=CMSIS_V2, owner=FREERTOS
2026-04-22 18:31:27,204 DEBUG [LineInfo_to_exitCode.log_LineInfo] 2026-04-22 18:31:27,203 [INFO] RtosManager:555 - Registered RTOS mode: class=RTOS, group=Core, mode=CMSIS_V1, owner=FREERTOS
2026-04-22 18:31:27,204 DEBUG [LineInfo_to_exitCode.log_LineInfo] 2026-04-22 18:31:27,203 [INFO] RtosManager:555 - Registered RTOS mode: class=RTOS, group=Core, mode=CMSIS_V2, owner=FREERTOS
2026-04-22 18:31:27,274 DEBUG [LineInfo_to_exitCode.log_LineInfo] 2026-04-22 18:31:27,274 [INFO] ThirdPartyModel:298 - Start build external matchings
2026-04-22 18:31:27,490 DEBUG [LineInfo_to_exitCode.log_LineInfo] 2026-04-22 18:31:27,490 [INFO] ThirdPartyModel:316 - End build external matchings
2026-04-22 18:31:27,507 DEBUG [LineInfo_to_exitCode.log_LineInfo] 2026-04-22 18:31:27,507 [INFO] ImportTextPane:205 - (OptionalMessage_ERROR) IP (DMA) : Parameter (Instance) has Id (USART2_RX) currently not set
2026-04-22 18:31:27,509 DEBUG [LineInfo_to_exitCode.log_LineInfo] 2026-04-22 18:31:27,507 [INFO] ImportTextPane:205 - (OptionalMessage_ERROR) IP (DMA) : Parameter (Request) has Id (USART2_RX) currently not set
2026-04-22 18:31:27,509 DEBUG [LineInfo_to_exitCode.log_LineInfo] 2026-04-22 18:31:27,507 [INFO] ImportTextPane:205 - (OptionalMessage_ERROR) IP (DMA) : Parameter (Direction) has Id (USART2_RX) currently not set
2026-04-22 18:31:27,509 DEBUG [LineInfo_to_exitCode.log_LineInfo] 2026-04-22 18:31:27,507 [INFO] ImportTextPane:205 - (OptionalMessage_ERROR) IP (DMA) : Parameter (PeriphInc) has Id (USART2_RX) currently not set
2026-04-22 18:31:27,509 DEBUG [LineInfo_to_exitCode.log_LineInfo] 2026-04-22 18:31:27,507 [INFO] ImportTextPane:205 - (OptionalMessage_ERROR) IP (DMA) : Parameter (MemInc) has Id (USART2_RX) currently not set
2026-04-22 18:31:27,509 DEBUG [LineInfo_to_exitCode.log_LineInfo] 2026-04-22 18:31:27,509 [INFO] ImportTextPane:205 - (OptionalMessage_ERROR) IP (DMA) : Parameter (PeriphDataAlignment) has Id (USART2_RX) currently not set
2026-04-22 18:31:27,509 DEBUG [LineInfo_to_exitCode.log_LineInfo] 2026-04-22 18:31:27,509 [INFO] ImportTextPane:205 - (OptionalMessage_ERROR) IP (DMA) : Parameter (MemDataAlignment) has Id (USART2_RX) currently not set
2026-04-22 18:31:27,509 DEBUG [LineInfo_to_exitCode.log_LineInfo] 2026-04-22 18:31:27,509 [INFO] ImportTextPane:205 - (OptionalMessage_ERROR) IP (DMA) : Parameter (Mode) has Id (USART2_RX) currently not set
2026-04-22 18:31:27,509 DEBUG [LineInfo_to_exitCode.log_LineInfo] 2026-04-22 18:31:27,509 [INFO] ImportTextPane:205 - (OptionalMessage_ERROR) IP (DMA) : Parameter (Priority) has Id (USART2_RX) currently not set
2026-04-22 18:31:27,509 DEBUG [LineInfo_to_exitCode.log_LineInfo] 2026-04-22 18:31:27,509 [INFO] ImportTextPane:205 - (OptionalMessage_ERROR) IP (DMA) : Parameter (Instance) has Id (USART2_TX) currently not set
2026-04-22 18:31:27,509 DEBUG [LineInfo_to_exitCode.log_LineInfo] 2026-04-22 18:31:27,509 [INFO] ImportTextPane:205 - (OptionalMessage_ERROR) IP (DMA) : Parameter (Request) has Id (USART2_TX) currently not set
2026-04-22 18:31:27,509 DEBUG [LineInfo_to_exitCode.log_LineInfo] 2026-04-22 18:31:27,509 [INFO] ImportTextPane:205 - (OptionalMessage_ERROR) IP (DMA) : Parameter (Direction) has Id (USART2_TX) currently not set
2026-04-22 18:31:27,510 DEBUG [LineInfo_to_exitCode.log_LineInfo] 2026-04-22 18:31:27,509 [INFO] ImportTextPane:205 - (OptionalMessage_ERROR) IP (DMA) : Parameter (PeriphInc) has Id (USART2_TX) currently not set
2026-04-22 18:31:27,510 DEBUG [LineInfo_to_exitCode.log_LineInfo] 2026-04-22 18:31:27,509 [INFO] ImportTextPane:205 - (OptionalMessage_ERROR) IP (DMA) : Parameter (MemInc) has Id (USART2_TX) currently not set
2026-04-22 18:31:27,510 DEBUG [LineInfo_to_exitCode.log_LineInfo] 2026-04-22 18:31:27,509 [INFO] ImportTextPane:205 - (OptionalMessage_ERROR) IP (DMA) : Parameter (PeriphDataAlignment) has Id (USART2_TX) currently not set
2026-04-22 18:31:27,510 DEBUG [LineInfo_to_exitCode.log_LineInfo] 2026-04-22 18:31:27,509 [INFO] ImportTextPane:205 - (OptionalMessage_ERROR) IP (DMA) : Parameter (MemDataAlignment) has Id (USART2_TX) currently not set
2026-04-22 18:31:27,510 DEBUG [LineInfo_to_exitCode.log_LineInfo] 2026-04-22 18:31:27,509 [INFO] ImportTextPane:205 - (OptionalMessage_ERROR) IP (DMA) : Parameter (Mode) has Id (USART2_TX) currently not set
2026-04-22 18:31:27,510 DEBUG [LineInfo_to_exitCode.log_LineInfo] 2026-04-22 18:31:27,509 [INFO] ImportTextPane:205 - (OptionalMessage_ERROR) IP (DMA) : Parameter (Priority) has Id (USART2_TX) currently not set
2026-04-22 18:31:27,543 DEBUG [LineInfo_to_exitCode.log_LineInfo] 2026-04-22 18:31:27,543 [INFO] ImportTextPane:205 - (OptionalMessage_ERROR) IP (MotorControl) : Invalid parameter (ADC_AHBPERIPH)
2026-04-22 18:31:27,543 DEBUG [LineInfo_to_exitCode.log_LineInfo] 2026-04-22 18:31:27,543 [INFO] ImportTextPane:205 - (OptionalMessage_ERROR) IP (MotorControl) : Invalid parameter (AUX_STATE_OBSERVER_PLL)
2026-04-22 18:31:27,543 DEBUG [LineInfo_to_exitCode.log_LineInfo] 2026-04-22 18:31:27,543 [INFO] ImportTextPane:205 - (OptionalMessage_ERROR) IP (MotorControl) : Invalid parameter (BUS_VOLTAGE_READING)
2026-04-22 18:31:27,543 DEBUG [LineInfo_to_exitCode.log_LineInfo] 2026-04-22 18:31:27,543 [INFO] ImportTextPane:205 - (OptionalMessage_ERROR) IP (MotorControl) : Invalid parameter (CCMRAM_ENABLED)
2026-04-22 18:31:27,543 DEBUG [LineInfo_to_exitCode.log_LineInfo] 2026-04-22 18:31:27,543 [INFO] ImportTextPane:205 - (OptionalMessage_ERROR) IP (MotorControl) : Invalid parameter (CLOCK_FREQUENCY)
2026-04-22 18:31:27,543 DEBUG [LineInfo_to_exitCode.log_LineInfo] 2026-04-22 18:31:27,543 [INFO] ImportTextPane:205 - (OptionalMessage_ERROR) IP (MotorControl) : Invalid parameter (CLOCK_SOURCE)
2026-04-22 18:31:27,543 DEBUG [LineInfo_to_exitCode.log_LineInfo] 2026-04-22 18:31:27,543 [INFO] ImportTextPane:205 - (OptionalMessage_ERROR) IP (MotorControl) : Invalid parameter (CPU_CLK_170_MHZ)
2026-04-22 18:31:27,543 DEBUG [LineInfo_to_exitCode.log_LineInfo] 2026-04-22 18:31:27,543 [INFO] ImportTextPane:205 - (OptionalMessage_ERROR) IP (MotorControl) : Invalid parameter (CURR_SAMPLING_TIME)
2026-04-22 18:31:27,544 DEBUG [LineInfo_to_exitCode.log_LineInfo] 2026-04-22 18:31:27,543 [INFO] ImportTextPane:205 - (OptionalMessage_ERROR) IP (MotorControl) : Invalid parameter (CURRENT_READING_TOPOLOGY)
2026-04-22 18:31:27,544 DEBUG [LineInfo_to_exitCode.log_LineInfo] 2026-04-22 18:31:27,543 [INFO] ImportTextPane:205 - (OptionalMessage_ERROR) IP (MotorControl) : Invalid parameter (DRIVE_TYPE)
2026-04-22 18:31:27,544 DEBUG [LineInfo_to_exitCode.log_LineInfo] 2026-04-22 18:31:27,543 [INFO] ImportTextPane:205 - (OptionalMessage_ERROR) IP (MotorControl) : Invalid parameter (DRIVES_NUMBER_SELECTION)
2026-04-22 18:31:27,544 DEBUG [LineInfo_to_exitCode.log_LineInfo] 2026-04-22 18:31:27,544 [INFO] ImportTextPane:205 - (OptionalMessage_ERROR) IP (MotorControl) : Invalid parameter (ENC_A_GPIO_PIN)
2026-04-22 18:31:27,544 DEBUG [LineInfo_to_exitCode.log_LineInfo] 2026-04-22 18:31:27,544 [INFO] ImportTextPane:205 - (OptionalMessage_ERROR) IP (MotorControl) : Invalid parameter (ENC_A_GPIO_PORT)
2026-04-22 18:31:27,544 DEBUG [LineInfo_to_exitCode.log_LineInfo] 2026-04-22 18:31:27,544 [INFO] ImportTextPane:205 - (OptionalMessage_ERROR) IP (MotorControl) : Invalid parameter (ENC_B_GPIO_PIN)
2026-04-22 18:31:27,544 DEBUG [LineInfo_to_exitCode.log_LineInfo] 2026-04-22 18:31:27,544 [INFO] ImportTextPane:205 - (OptionalMessage_ERROR) IP (MotorControl) : Invalid parameter (ENC_B_GPIO_PORT)
2026-04-22 18:31:27,544 DEBUG [LineInfo_to_exitCode.log_LineInfo] 2026-04-22 18:31:27,544 [INFO] ImportTextPane:205 - (OptionalMessage_ERROR) IP (MotorControl) : Invalid parameter (ENC_ICx_FILTER)
2026-04-22 18:31:27,544 DEBUG [LineInfo_to_exitCode.log_LineInfo] 2026-04-22 18:31:27,544 [INFO] ImportTextPane:205 - (OptionalMessage_ERROR) IP (MotorControl) : Invalid parameter (ENC_INVERT_SPEED)
2026-04-22 18:31:27,544 DEBUG [LineInfo_to_exitCode.log_LineInfo] 2026-04-22 18:31:27,544 [INFO] ImportTextPane:205 - (OptionalMessage_ERROR) IP (MotorControl) : Invalid parameter (ENC_TIMER_SELECTION)
2026-04-22 18:31:27,544 DEBUG [LineInfo_to_exitCode.log_LineInfo] 2026-04-22 18:31:27,544 [INFO] ImportTextPane:205 - (OptionalMessage_ERROR) IP (MotorControl) : Invalid parameter (ENC_USE_CH3)
2026-04-22 18:31:27,544 DEBUG [LineInfo_to_exitCode.log_LineInfo] 2026-04-22 18:31:27,544 [INFO] ImportTextPane:205 - (OptionalMessage_ERROR) IP (MotorControl) : Invalid parameter (ENCODER)
2026-04-22 18:31:27,544 DEBUG [LineInfo_to_exitCode.log_LineInfo] 2026-04-22 18:31:27,544 [INFO] ImportTextPane:205 - (OptionalMessage_ERROR) IP (MotorControl) : Invalid parameter (ENCODER_AVAILABLE)
2026-04-22 18:31:27,544 DEBUG [LineInfo_to_exitCode.log_LineInfo] 2026-04-22 18:31:27,544 [INFO] ImportTextPane:205 - (OptionalMessage_ERROR) IP (MotorControl) : Invalid parameter (ENCODER_PPR)
2026-04-22 18:31:27,544 DEBUG [LineInfo_to_exitCode.log_LineInfo] 2026-04-22 18:31:27,544 [INFO] ImportTextPane:205 - (OptionalMessage_ERROR) IP (MotorControl) : Invalid parameter (EXT_CLK_8_MHZ)
2026-04-22 18:31:27,544 DEBUG [LineInfo_to_exitCode.log_LineInfo] 2026-04-22 18:31:27,544 [INFO] ImportTextPane:205 - (OptionalMessage_ERROR) IP (MotorControl) : Invalid parameter (EXT_CLOCK_FREQUENCY)
2026-04-22 18:31:27,544 DEBUG [LineInfo_to_exitCode.log_LineInfo] 2026-04-22 18:31:27,544 [INFO] ImportTextPane:205 - (OptionalMessage_ERROR) IP (MotorControl) : Invalid parameter (FEEDBACK_NET_FILTERING)
2026-04-22 18:31:27,544 DEBUG [LineInfo_to_exitCode.log_LineInfo] 2026-04-22 18:31:27,544 [INFO] ImportTextPane:205 - (OptionalMessage_ERROR) IP (MotorControl) : Invalid parameter (FLASH_SIZE)
2026-04-22 18:31:27,544 DEBUG [LineInfo_to_exitCode.log_LineInfo] 2026-04-22 18:31:27,544 [INFO] ImportTextPane:205 - (OptionalMessage_ERROR) IP (MotorControl) : Invalid parameter (HALL_SENSORS_AVAILABLE)
2026-04-22 18:31:27,545 DEBUG [LineInfo_to_exitCode.log_LineInfo] 2026-04-22 18:31:27,544 [INFO] ImportTextPane:205 - (OptionalMessage_ERROR) IP (MotorControl) : Invalid parameter (HW_COMPLEMENTED_LOW_SIDE)
2026-04-22 18:31:27,545 DEBUG [LineInfo_to_exitCode.log_LineInfo] 2026-04-22 18:31:27,544 [INFO] ImportTextPane:205 - (OptionalMessage_ERROR) IP (MotorControl) : Invalid parameter (HW_DEAD_TIME_NS)
2026-04-22 18:31:27,545 DEBUG [LineInfo_to_exitCode.log_LineInfo] 2026-04-22 18:31:27,544 [INFO] ImportTextPane:205 - (OptionalMessage_ERROR) IP (MotorControl) : Invalid parameter (HWV_CS)
2026-04-22 18:31:27,545 DEBUG [LineInfo_to_exitCode.log_LineInfo] 2026-04-22 18:31:27,544 [INFO] ImportTextPane:205 - (OptionalMessage_ERROR) IP (MotorControl) : Invalid parameter (HWV_OCP)
2026-04-22 18:31:27,545 DEBUG [LineInfo_to_exitCode.log_LineInfo] 2026-04-22 18:31:27,544 [INFO] ImportTextPane:205 - (OptionalMessage_ERROR) IP (MotorControl) : Invalid parameter (HWV_PWM)
2026-04-22 18:31:27,545 DEBUG [LineInfo_to_exitCode.log_LineInfo] 2026-04-22 18:31:27,544 [INFO] ImportTextPane:205 - (OptionalMessage_ERROR) IP (MotorControl) : Invalid parameter (IPs)
2026-04-22 18:31:27,545 DEBUG [LineInfo_to_exitCode.log_LineInfo] 2026-04-22 18:31:27,544 [INFO] ImportTextPane:205 - (OptionalMessage_ERROR) IP (MotorControl) : Invalid parameter (LOW_SIDE_SIGNALS_ENABLING)
2026-04-22 18:31:27,545 DEBUG [LineInfo_to_exitCode.log_LineInfo] 2026-04-22 18:31:27,544 [INFO] ImportTextPane:205 - (OptionalMessage_ERROR) IP (MotorControl) : Invalid parameter (M1_COMMUTATION_STEP_TIME_BUF_SIZE)
2026-04-22 18:31:27,545 DEBUG [LineInfo_to_exitCode.log_LineInfo] 2026-04-22 18:31:27,544 [INFO] ImportTextPane:205 - (OptionalMessage_ERROR) IP (MotorControl) : Invalid parameter (M1_CURRENT_AMPLIFICATION_TOPO)
2026-04-22 18:31:27,546 DEBUG [LineInfo_to_exitCode.log_LineInfo] 2026-04-22 18:31:27,544 [INFO] ImportTextPane:205 - (OptionalMessage_ERROR) IP (MotorControl) : Invalid parameter (M1_DC_CURRENT_RS_MEAS)
2026-04-22 18:31:27,546 DEBUG [LineInfo_to_exitCode.log_LineInfo] 2026-04-22 18:31:27,544 [INFO] ImportTextPane:205 - (OptionalMessage_ERROR) IP (MotorControl) : Invalid parameter (M1_ENC_A_GPIO_PIN)
2026-04-22 18:31:27,546 DEBUG [LineInfo_to_exitCode.log_LineInfo] 2026-04-22 18:31:27,544 [INFO] ImportTextPane:205 - (OptionalMessage_ERROR) IP (MotorControl) : Invalid parameter (M1_ENC_A_GPIO_PORT)
2026-04-22 18:31:27,546 DEBUG [LineInfo_to_exitCode.log_LineInfo] 2026-04-22 18:31:27,544 [INFO] ImportTextPane:205 - (OptionalMessage_ERROR) IP (MotorControl) : Invalid parameter (M1_ENC_B_GPIO_PIN)
2026-04-22 18:31:27,546 DEBUG [LineInfo_to_exitCode.log_LineInfo] 2026-04-22 18:31:27,544 [INFO] ImportTextPane:205 - (OptionalMessage_ERROR) IP (MotorControl) : Invalid parameter (M1_ENC_B_GPIO_PORT)
2026-04-22 18:31:27,546 DEBUG [LineInfo_to_exitCode.log_LineInfo] 2026-04-22 18:31:27,545 [INFO] ImportTextPane:205 - (OptionalMessage_ERROR) IP (MotorControl) : Invalid parameter (M1_ENC_TIMER_IRQ)
2026-04-22 18:31:27,546 DEBUG [LineInfo_to_exitCode.log_LineInfo] 2026-04-22 18:31:27,545 [INFO] ImportTextPane:205 - (OptionalMessage_ERROR) IP (MotorControl) : Invalid parameter (M1_ENC_USE_CH3)
2026-04-22 18:31:27,546 DEBUG [LineInfo_to_exitCode.log_LineInfo] 2026-04-22 18:31:27,545 [INFO] ImportTextPane:205 - (OptionalMessage_ERROR) IP (MotorControl) : Invalid parameter (M1_HIGH_SIDE_IDLE_STATE)
2026-04-22 18:31:27,546 DEBUG [LineInfo_to_exitCode.log_LineInfo] 2026-04-22 18:31:27,545 [INFO] ImportTextPane:205 - (OptionalMessage_ERROR) IP (MotorControl) : Invalid parameter (M1_INT_AMP_OPAMP1_PIN)
2026-04-22 18:31:27,546 DEBUG [LineInfo_to_exitCode.log_LineInfo] 2026-04-22 18:31:27,545 [INFO] ImportTextPane:205 - (OptionalMessage_ERROR) IP (MotorControl) : Invalid parameter (M1_INT_AMP_OPAMP2_PIN)
2026-04-22 18:31:27,546 DEBUG [LineInfo_to_exitCode.log_LineInfo] 2026-04-22 18:31:27,545 [INFO] ImportTextPane:205 - (OptionalMessage_ERROR) IP (MotorControl) : Invalid parameter (M1_INT_AMP_OPAMP3_PIN)
2026-04-22 18:31:27,546 DEBUG [LineInfo_to_exitCode.log_LineInfo] 2026-04-22 18:31:27,545 [INFO] ImportTextPane:205 - (OptionalMessage_ERROR) IP (MotorControl) : Invalid parameter (M1_INT_AMP_OPAMPS)
2026-04-22 18:31:27,547 DEBUG [LineInfo_to_exitCode.log_LineInfo] 2026-04-22 18:31:27,545 [INFO] ImportTextPane:205 - (OptionalMessage_ERROR) IP (MotorControl) : Invalid parameter (M1_LOW_SIDE_IDLE_STATE)
2026-04-22 18:31:27,547 DEBUG [LineInfo_to_exitCode.log_LineInfo] 2026-04-22 18:31:27,545 [INFO] ImportTextPane:205 - (OptionalMessage_ERROR) IP (MotorControl) : Invalid parameter (M1_OCP_BKIN_FILTER)
2026-04-22 18:31:27,547 DEBUG [LineInfo_to_exitCode.log_LineInfo] 2026-04-22 18:31:27,545 [INFO] ImportTextPane:205 - (OptionalMessage_ERROR) IP (MotorControl) : Invalid parameter (M1_OCP_BKIN_MODE)
2026-04-22 18:31:27,547 DEBUG [LineInfo_to_exitCode.log_LineInfo] 2026-04-22 18:31:27,545 [INFO] ImportTextPane:205 - (OptionalMessage_ERROR) IP (MotorControl) : Invalid parameter (M1_OCP_BKIN_POLARITY)
2026-04-22 18:31:27,547 DEBUG [LineInfo_to_exitCode.log_LineInfo] 2026-04-22 18:31:27,545 [INFO] ImportTextPane:205 - (OptionalMessage_ERROR) IP (MotorControl) : Parameter (M1_PWM_CHARGE_BOOT_CAP_DUTY_CYCLES) has invalid value (0.000)
2026-04-22 18:31:27,547 DEBUG [LineInfo_to_exitCode.log_LineInfo] 2026-04-22 18:31:27,545 [INFO] ImportTextPane:205 - (OptionalMessage_ERROR) IP (MotorControl) : Invalid parameter (M1_PWM_TIMER_BRK_IRQ)
2026-04-22 18:31:27,547 DEBUG [LineInfo_to_exitCode.log_LineInfo] 2026-04-22 18:31:27,545 [INFO] ImportTextPane:205 - (OptionalMessage_ERROR) IP (MotorControl) : Invalid parameter (M1_PWM_TIMER_UP_IRQ)
2026-04-22 18:31:27,547 DEBUG [LineInfo_to_exitCode.log_LineInfo] 2026-04-22 18:31:27,546 [INFO] ImportTextPane:205 - (OptionalMessage_ERROR) IP (MotorControl) : Invalid parameter (M1_SPD_DIFFERENTIAL_TERM_ENABLING)
2026-04-22 18:31:27,547 DEBUG [LineInfo_to_exitCode.log_LineInfo] 2026-04-22 18:31:27,546 [INFO] ImportTextPane:205 - (OptionalMessage_ERROR) IP (MotorControl) : Invalid parameter (MAX_READABLE_CURRENT)
2026-04-22 18:31:27,547 DEBUG [LineInfo_to_exitCode.log_LineInfo] 2026-04-22 18:31:27,546 [INFO] ImportTextPane:205 - (OptionalMessage_ERROR) IP (MotorControl) : Invalid parameter (MC_WORKBENCH_VERSION)
2026-04-22 18:31:27,547 DEBUG [LineInfo_to_exitCode.log_LineInfo] 2026-04-22 18:31:27,546 [INFO] ImportTextPane:205 - (OptionalMessage_ERROR) IP (MotorControl) : Invalid parameter (MCU)
2026-04-22 18:31:27,548 DEBUG [LineInfo_to_exitCode.log_LineInfo] 2026-04-22 18:31:27,546 [INFO] ImportTextPane:205 - (OptionalMessage_ERROR) IP (MotorControl) : Invalid parameter (MCU_FAMILY)
2026-04-22 18:31:27,548 DEBUG [LineInfo_to_exitCode.log_LineInfo] 2026-04-22 18:31:27,546 [INFO] ImportTextPane:205 - (OptionalMessage_ERROR) IP (MotorControl) : Invalid parameter (MCU_LINE)
2026-04-22 18:31:27,548 DEBUG [LineInfo_to_exitCode.log_LineInfo] 2026-04-22 18:31:27,546 [INFO] ImportTextPane:205 - (OptionalMessage_ERROR) IP (MotorControl) : Invalid parameter (MCU_PACKAGE)
2026-04-22 18:31:27,548 DEBUG [LineInfo_to_exitCode.log_LineInfo] 2026-04-22 18:31:27,546 [INFO] ImportTextPane:205 - (OptionalMessage_ERROR) IP (MotorControl) : Invalid parameter (MCU_TYPE)
2026-04-22 18:31:27,548 DEBUG [LineInfo_to_exitCode.log_LineInfo] 2026-04-22 18:31:27,546 [INFO] ImportTextPane:205 - (OptionalMessage_ERROR) IP (MotorControl) : Invalid parameter (MCU_USERNAME)
2026-04-22 18:31:27,548 DEBUG [LineInfo_to_exitCode.log_LineInfo] 2026-04-22 18:31:27,546 [INFO] ImportTextPane:205 - (OptionalMessage_ERROR) IP (MotorControl) : Invalid parameter (MOTOR_TYPE)
2026-04-22 18:31:27,548 DEBUG [LineInfo_to_exitCode.log_LineInfo] 2026-04-22 18:31:27,546 [INFO] ImportTextPane:205 - (OptionalMessage_ERROR) IP (MotorControl) : Invalid parameter (OCP_FILTER)
2026-04-22 18:31:27,548 DEBUG [LineInfo_to_exitCode.log_LineInfo] 2026-04-22 18:31:27,546 [INFO] ImportTextPane:205 - (OptionalMessage_ERROR) IP (MotorControl) : Invalid parameter (OCP_INVERTINGINPUT)
2026-04-22 18:31:27,548 DEBUG [LineInfo_to_exitCode.log_LineInfo] 2026-04-22 18:31:27,546 [INFO] ImportTextPane:205 - (OptionalMessage_ERROR) IP (MotorControl) : Invalid parameter (OCPA_DAC_INTERNAL_PIN)
2026-04-22 18:31:27,548 DEBUG [LineInfo_to_exitCode.log_LineInfo] 2026-04-22 18:31:27,546 [INFO] ImportTextPane:205 - (OptionalMessage_ERROR) IP (MotorControl) : Invalid parameter (OCPA_INVERTINGINPUT)
2026-04-22 18:31:27,548 DEBUG [LineInfo_to_exitCode.log_LineInfo] 2026-04-22 18:31:27,546 [INFO] ImportTextPane:205 - (OptionalMessage_ERROR) IP (MotorControl) : Invalid parameter (OCPA_INVERTINGINPUT_DAC_OUT)
2026-04-22 18:31:27,548 DEBUG [LineInfo_to_exitCode.log_LineInfo] 2026-04-22 18:31:27,546 [INFO] ImportTextPane:205 - (OptionalMessage_ERROR) IP (MotorControl) : Invalid parameter (OCPA_INVERTINGINPUT_GPIO_PIN)
2026-04-22 18:31:27,548 DEBUG [LineInfo_to_exitCode.log_LineInfo] 2026-04-22 18:31:27,546 [INFO] ImportTextPane:205 - (OptionalMessage_ERROR) IP (MotorControl) : Invalid parameter (OCPA_INVERTINGINPUT_GPIO_PORT)
2026-04-22 18:31:27,548 DEBUG [LineInfo_to_exitCode.log_LineInfo] 2026-04-22 18:31:27,546 [INFO] ImportTextPane:205 - (OptionalMessage_ERROR) IP (MotorControl) : Invalid parameter (OCPA_NONINVERTINGINPUT)
2026-04-22 18:31:27,548 DEBUG [LineInfo_to_exitCode.log_LineInfo] 2026-04-22 18:31:27,546 [INFO] ImportTextPane:205 - (OptionalMessage_ERROR) IP (MotorControl) : Invalid parameter (OCPA_NONINVERTINGINPUT_GPIO_PIN)
2026-04-22 18:31:27,548 DEBUG [LineInfo_to_exitCode.log_LineInfo] 2026-04-22 18:31:27,547 [INFO] ImportTextPane:205 - (OptionalMessage_ERROR) IP (MotorControl) : Invalid parameter (OCPA_NONINVERTINGINPUT_GPIO_PORT)
2026-04-22 18:31:27,548 DEBUG [LineInfo_to_exitCode.log_LineInfo] 2026-04-22 18:31:27,547 [INFO] ImportTextPane:205 - (OptionalMessage_ERROR) IP (MotorControl) : Invalid parameter (OCPA_OUTPUT)
2026-04-22 18:31:27,548 DEBUG [LineInfo_to_exitCode.log_LineInfo] 2026-04-22 18:31:27,547 [INFO] ImportTextPane:205 - (OptionalMessage_ERROR) IP (MotorControl) : Invalid parameter (OCPA_OUTPUT_GPIO_PIN)
2026-04-22 18:31:27,548 DEBUG [LineInfo_to_exitCode.log_LineInfo] 2026-04-22 18:31:27,547 [INFO] ImportTextPane:205 - (OptionalMessage_ERROR) IP (MotorControl) : Invalid parameter (OCPA_OUTPUT_GPIO_PORT)
2026-04-22 18:31:27,548 DEBUG [LineInfo_to_exitCode.log_LineInfo] 2026-04-22 18:31:27,547 [INFO] ImportTextPane:205 - (OptionalMessage_ERROR) IP (MotorControl) : Invalid parameter (OCPA_OUTPUT_MODE)
2026-04-22 18:31:27,550 DEBUG [LineInfo_to_exitCode.log_LineInfo] 2026-04-22 18:31:27,547 [INFO] ImportTextPane:205 - (OptionalMessage_ERROR) IP (MotorControl) : Invalid parameter (OCPA_OUTPUTPOL)
2026-04-22 18:31:27,550 DEBUG [LineInfo_to_exitCode.log_LineInfo] 2026-04-22 18:31:27,547 [INFO] ImportTextPane:205 - (OptionalMessage_ERROR) IP (MotorControl) : Invalid parameter (OCPB_DAC_INTERNAL_PIN)
2026-04-22 18:31:27,550 DEBUG [LineInfo_to_exitCode.log_LineInfo] 2026-04-22 18:31:27,547 [INFO] ImportTextPane:205 - (OptionalMessage_ERROR) IP (MotorControl) : Invalid parameter (OCPB_INVERTINGINPUT)
2026-04-22 18:31:27,550 DEBUG [LineInfo_to_exitCode.log_LineInfo] 2026-04-22 18:31:27,547 [INFO] ImportTextPane:205 - (OptionalMessage_ERROR) IP (MotorControl) : Invalid parameter (OCPB_INVERTINGINPUT_DAC_OUT)
2026-04-22 18:31:27,550 DEBUG [LineInfo_to_exitCode.log_LineInfo] 2026-04-22 18:31:27,547 [INFO] ImportTextPane:205 - (OptionalMessage_ERROR) IP (MotorControl) : Invalid parameter (OCPB_INVERTINGINPUT_GPIO_PIN)
2026-04-22 18:31:27,550 DEBUG [LineInfo_to_exitCode.log_LineInfo] 2026-04-22 18:31:27,547 [INFO] ImportTextPane:205 - (OptionalMessage_ERROR) IP (MotorControl) : Invalid parameter (OCPB_INVERTINGINPUT_GPIO_PORT)
2026-04-22 18:31:27,550 DEBUG [LineInfo_to_exitCode.log_LineInfo] 2026-04-22 18:31:27,547 [INFO] ImportTextPane:205 - (OptionalMessage_ERROR) IP (MotorControl) : Invalid parameter (OCPB_NONINVERTINGINPUT)
2026-04-22 18:31:27,550 DEBUG [LineInfo_to_exitCode.log_LineInfo] 2026-04-22 18:31:27,547 [INFO] ImportTextPane:205 - (OptionalMessage_ERROR) IP (MotorControl) : Invalid parameter (OCPB_NONINVERTINGINPUT_GPIO_PIN)
2026-04-22 18:31:27,550 DEBUG [LineInfo_to_exitCode.log_LineInfo] 2026-04-22 18:31:27,547 [INFO] ImportTextPane:205 - (OptionalMessage_ERROR) IP (MotorControl) : Invalid parameter (OCPB_NONINVERTINGINPUT_GPIO_PORT)
2026-04-22 18:31:27,550 DEBUG [LineInfo_to_exitCode.log_LineInfo] 2026-04-22 18:31:27,547 [INFO] ImportTextPane:205 - (OptionalMessage_ERROR) IP (MotorControl) : Invalid parameter (OCPB_OUTPUT)
2026-04-22 18:31:27,550 DEBUG [LineInfo_to_exitCode.log_LineInfo] 2026-04-22 18:31:27,547 [INFO] ImportTextPane:205 - (OptionalMessage_ERROR) IP (MotorControl) : Invalid parameter (OCPB_OUTPUT_GPIO_PIN)
2026-04-22 18:31:27,550 DEBUG [LineInfo_to_exitCode.log_LineInfo] 2026-04-22 18:31:27,547 [INFO] ImportTextPane:205 - (OptionalMessage_ERROR) IP (MotorControl) : Invalid parameter (OCPB_OUTPUT_GPIO_PORT)
2026-04-22 18:31:27,550 DEBUG [LineInfo_to_exitCode.log_LineInfo] 2026-04-22 18:31:27,547 [INFO] ImportTextPane:205 - (OptionalMessage_ERROR) IP (MotorControl) : Invalid parameter (OCPB_OUTPUT_MODE)
2026-04-22 18:31:27,550 DEBUG [LineInfo_to_exitCode.log_LineInfo] 2026-04-22 18:31:27,547 [INFO] ImportTextPane:205 - (OptionalMessage_ERROR) IP (MotorControl) : Invalid parameter (OCPB_OUTPUTPOL)
2026-04-22 18:31:27,550 DEBUG [LineInfo_to_exitCode.log_LineInfo] 2026-04-22 18:31:27,547 [INFO] ImportTextPane:205 - (OptionalMessage_ERROR) IP (MotorControl) : Invalid parameter (OCPC_DAC_INTERNAL_PIN)
2026-04-22 18:31:27,550 DEBUG [LineInfo_to_exitCode.log_LineInfo] 2026-04-22 18:31:27,547 [INFO] ImportTextPane:205 - (OptionalMessage_ERROR) IP (MotorControl) : Invalid parameter (OCPC_INVERTINGINPUT)
2026-04-22 18:31:27,550 DEBUG [LineInfo_to_exitCode.log_LineInfo] 2026-04-22 18:31:27,547 [INFO] ImportTextPane:205 - (OptionalMessage_ERROR) IP (MotorControl) : Invalid parameter (OCPC_INVERTINGINPUT_DAC_OUT)
2026-04-22 18:31:27,550 DEBUG [LineInfo_to_exitCode.log_LineInfo] 2026-04-22 18:31:27,547 [INFO] ImportTextPane:205 - (OptionalMessage_ERROR) IP (MotorControl) : Invalid parameter (OCPC_INVERTINGINPUT_GPIO_PIN)
2026-04-22 18:31:27,550 DEBUG [LineInfo_to_exitCode.log_LineInfo] 2026-04-22 18:31:27,548 [INFO] ImportTextPane:205 - (OptionalMessage_ERROR) IP (MotorControl) : Invalid parameter (OCPC_INVERTINGINPUT_GPIO_PORT)
2026-04-22 18:31:27,551 DEBUG [LineInfo_to_exitCode.log_LineInfo] 2026-04-22 18:31:27,548 [INFO] ImportTextPane:205 - (OptionalMessage_ERROR) IP (MotorControl) : Invalid parameter (OCPC_NONINVERTINGINPUT)
2026-04-22 18:31:27,551 DEBUG [LineInfo_to_exitCode.log_LineInfo] 2026-04-22 18:31:27,548 [INFO] ImportTextPane:205 - (OptionalMessage_ERROR) IP (MotorControl) : Invalid parameter (OCPC_NONINVERTINGINPUT_GPIO_PIN)
2026-04-22 18:31:27,551 DEBUG [LineInfo_to_exitCode.log_LineInfo] 2026-04-22 18:31:27,548 [INFO] ImportTextPane:205 - (OptionalMessage_ERROR) IP (MotorControl) : Invalid parameter (OCPC_NONINVERTINGINPUT_GPIO_PORT)
2026-04-22 18:31:27,551 DEBUG [LineInfo_to_exitCode.log_LineInfo] 2026-04-22 18:31:27,548 [INFO] ImportTextPane:205 - (OptionalMessage_ERROR) IP (MotorControl) : Invalid parameter (OCPC_OUTPUT)
2026-04-22 18:31:27,551 DEBUG [LineInfo_to_exitCode.log_LineInfo] 2026-04-22 18:31:27,548 [INFO] ImportTextPane:205 - (OptionalMessage_ERROR) IP (MotorControl) : Invalid parameter (OCPC_OUTPUT_GPIO_PIN)
2026-04-22 18:31:27,551 DEBUG [LineInfo_to_exitCode.log_LineInfo] 2026-04-22 18:31:27,548 [INFO] ImportTextPane:205 - (OptionalMessage_ERROR) IP (MotorControl) : Invalid parameter (OCPC_OUTPUT_GPIO_PORT)
2026-04-22 18:31:27,551 DEBUG [LineInfo_to_exitCode.log_LineInfo] 2026-04-22 18:31:27,548 [INFO] ImportTextPane:205 - (OptionalMessage_ERROR) IP (MotorControl) : Invalid parameter (OCPC_OUTPUT_MODE)
2026-04-22 18:31:27,551 DEBUG [LineInfo_to_exitCode.log_LineInfo] 2026-04-22 18:31:27,548 [INFO] ImportTextPane:205 - (OptionalMessage_ERROR) IP (MotorControl) : Invalid parameter (OCPC_OUTPUTPOL)
2026-04-22 18:31:27,551 DEBUG [LineInfo_to_exitCode.log_LineInfo] 2026-04-22 18:31:27,548 [INFO] ImportTextPane:205 - (OptionalMessage_ERROR) IP (MotorControl) : Invalid parameter (ON_OVER_VOLTAGE)
2026-04-22 18:31:27,551 DEBUG [LineInfo_to_exitCode.log_LineInfo] 2026-04-22 18:31:27,548 [INFO] ImportTextPane:205 - (OptionalMessage_ERROR) IP (MotorControl) : Invalid parameter (OPAMP_PGAGAIN)
2026-04-22 18:31:27,551 DEBUG [LineInfo_to_exitCode.log_LineInfo] 2026-04-22 18:31:27,548 [INFO] ImportTextPane:205 - (OptionalMessage_ERROR) IP (MotorControl) : Invalid parameter (OPAMP_TYPE_GAIN)
2026-04-22 18:31:27,551 DEBUG [LineInfo_to_exitCode.log_LineInfo] 2026-04-22 18:31:27,548 [INFO] ImportTextPane:205 - (OptionalMessage_ERROR) IP (MotorControl) : Invalid parameter (OPAMP1_INVERTINGINPUT)
2026-04-22 18:31:27,551 DEBUG [LineInfo_to_exitCode.log_LineInfo] 2026-04-22 18:31:27,548 [INFO] ImportTextPane:205 - (OptionalMessage_ERROR) IP (MotorControl) : Invalid parameter (OPAMP1_INVERTINGINPUT_GPIO_PIN)
2026-04-22 18:31:27,551 DEBUG [LineInfo_to_exitCode.log_LineInfo] 2026-04-22 18:31:27,548 [INFO] ImportTextPane:205 - (OptionalMessage_ERROR) IP (MotorControl) : Invalid parameter (OPAMP1_INVERTINGINPUT_GPIO_PORT)
2026-04-22 18:31:27,551 DEBUG [LineInfo_to_exitCode.log_LineInfo] 2026-04-22 18:31:27,548 [INFO] ImportTextPane:205 - (OptionalMessage_ERROR) IP (MotorControl) : Invalid parameter (OPAMP1_INVERTINGINPUT_MODE)
2026-04-22 18:31:27,551 DEBUG [LineInfo_to_exitCode.log_LineInfo] 2026-04-22 18:31:27,548 [INFO] ImportTextPane:205 - (OptionalMessage_ERROR) IP (MotorControl) : Invalid parameter (OPAMP1_NONINVERTINGINPUT_PHA_GPIO_PIN)
2026-04-22 18:31:27,551 DEBUG [LineInfo_to_exitCode.log_LineInfo] 2026-04-22 18:31:27,548 [INFO] ImportTextPane:205 - (OptionalMessage_ERROR) IP (MotorControl) : Invalid parameter (OPAMP1_NONINVERTINGINPUT_PHA_GPIO_PORT)
2026-04-22 18:31:27,552 DEBUG [LineInfo_to_exitCode.log_LineInfo] 2026-04-22 18:31:27,548 [INFO] ImportTextPane:205 - (OptionalMessage_ERROR) IP (MotorControl) : Invalid parameter (OPAMP1_OUT_GPIO_PIN)
2026-04-22 18:31:27,552 DEBUG [LineInfo_to_exitCode.log_LineInfo] 2026-04-22 18:31:27,548 [INFO] ImportTextPane:205 - (OptionalMessage_ERROR) IP (MotorControl) : Invalid parameter (OPAMP1_OUT_GPIO_PORT)
2026-04-22 18:31:27,552 DEBUG [LineInfo_to_exitCode.log_LineInfo] 2026-04-22 18:31:27,548 [INFO] ImportTextPane:205 - (OptionalMessage_ERROR) IP (MotorControl) : Invalid parameter (OPAMP2_INVERTINGINPUT)
2026-04-22 18:31:27,552 DEBUG [LineInfo_to_exitCode.log_LineInfo] 2026-04-22 18:31:27,548 [INFO] ImportTextPane:205 - (OptionalMessage_ERROR) IP (MotorControl) : Invalid parameter (OPAMP2_INVERTINGINPUT_GPIO_PIN)
2026-04-22 18:31:27,552 DEBUG [LineInfo_to_exitCode.log_LineInfo] 2026-04-22 18:31:27,548 [INFO] ImportTextPane:205 - (OptionalMessage_ERROR) IP (MotorControl) : Invalid parameter (OPAMP2_INVERTINGINPUT_GPIO_PORT)
2026-04-22 18:31:27,552 DEBUG [LineInfo_to_exitCode.log_LineInfo] 2026-04-22 18:31:27,548 [INFO] ImportTextPane:205 - (OptionalMessage_ERROR) IP (MotorControl) : Invalid parameter (OPAMP2_INVERTINGINPUT_MODE)
2026-04-22 18:31:27,552 DEBUG [LineInfo_to_exitCode.log_LineInfo] 2026-04-22 18:31:27,548 [INFO] ImportTextPane:205 - (OptionalMessage_ERROR) IP (MotorControl) : Invalid parameter (OPAMP2_NONINVERTINGINPUT_PHB_GPIO_PIN)
2026-04-22 18:31:27,552 DEBUG [LineInfo_to_exitCode.log_LineInfo] 2026-04-22 18:31:27,548 [INFO] ImportTextPane:205 - (OptionalMessage_ERROR) IP (MotorControl) : Invalid parameter (OPAMP2_NONINVERTINGINPUT_PHB_GPIO_PORT)
2026-04-22 18:31:27,552 DEBUG [LineInfo_to_exitCode.log_LineInfo] 2026-04-22 18:31:27,548 [INFO] ImportTextPane:205 - (OptionalMessage_ERROR) IP (MotorControl) : Invalid parameter (OPAMP2_OUT_GPIO_PIN)
2026-04-22 18:31:27,552 DEBUG [LineInfo_to_exitCode.log_LineInfo] 2026-04-22 18:31:27,548 [INFO] ImportTextPane:205 - (OptionalMessage_ERROR) IP (MotorControl) : Invalid parameter (OPAMP2_OUT_GPIO_PORT)
2026-04-22 18:31:27,552 DEBUG [LineInfo_to_exitCode.log_LineInfo] 2026-04-22 18:31:27,548 [INFO] ImportTextPane:205 - (OptionalMessage_ERROR) IP (MotorControl) : Invalid parameter (OPAMP3_INVERTINGINPUT)
2026-04-22 18:31:27,552 DEBUG [LineInfo_to_exitCode.log_LineInfo] 2026-04-22 18:31:27,550 [INFO] ImportTextPane:205 - (OptionalMessage_ERROR) IP (MotorControl) : Invalid parameter (OPAMP3_INVERTINGINPUT_GPIO_PIN)
2026-04-22 18:31:27,553 DEBUG [LineInfo_to_exitCode.log_LineInfo] 2026-04-22 18:31:27,551 [INFO] ImportTextPane:205 - (OptionalMessage_ERROR) IP (MotorControl) : Invalid parameter (OPAMP3_INVERTINGINPUT_GPIO_PORT)
2026-04-22 18:31:27,553 DEBUG [LineInfo_to_exitCode.log_LineInfo] 2026-04-22 18:31:27,551 [INFO] ImportTextPane:205 - (OptionalMessage_ERROR) IP (MotorControl) : Invalid parameter (OPAMP3_INVERTINGINPUT_MODE)
2026-04-22 18:31:27,553 DEBUG [LineInfo_to_exitCode.log_LineInfo] 2026-04-22 18:31:27,551 [INFO] ImportTextPane:205 - (OptionalMessage_ERROR) IP (MotorControl) : Invalid parameter (OPAMP3_NONINVERTINGINPUT_PHC)
2026-04-22 18:31:27,553 DEBUG [LineInfo_to_exitCode.log_LineInfo] 2026-04-22 18:31:27,551 [INFO] ImportTextPane:205 - (OptionalMessage_ERROR) IP (MotorControl) : Invalid parameter (OPAMP3_NONINVERTINGINPUT_PHC_GPIO_PIN)
2026-04-22 18:31:27,553 DEBUG [LineInfo_to_exitCode.log_LineInfo] 2026-04-22 18:31:27,551 [INFO] ImportTextPane:205 - (OptionalMessage_ERROR) IP (MotorControl) : Invalid parameter (OPAMP3_NONINVERTINGINPUT_PHC_GPIO_PORT)
2026-04-22 18:31:27,553 DEBUG [LineInfo_to_exitCode.log_LineInfo] 2026-04-22 18:31:27,551 [INFO] ImportTextPane:205 - (OptionalMessage_ERROR) IP (MotorControl) : Invalid parameter (OPAMP3_OUT_GPIO_PIN)
2026-04-22 18:31:27,553 DEBUG [LineInfo_to_exitCode.log_LineInfo] 2026-04-22 18:31:27,551 [INFO] ImportTextPane:205 - (OptionalMessage_ERROR) IP (MotorControl) : Invalid parameter (OPAMP3_OUT_GPIO_PORT)
2026-04-22 18:31:27,553 DEBUG [LineInfo_to_exitCode.log_LineInfo] 2026-04-22 18:31:27,551 [INFO] ImportTextPane:205 - (OptionalMessage_ERROR) IP (MotorControl) : Invalid parameter (OPAMP3_SELECTION)
2026-04-22 18:31:27,553 DEBUG [LineInfo_to_exitCode.log_LineInfo] 2026-04-22 18:31:27,551 [INFO] ImportTextPane:205 - (OptionalMessage_ERROR) IP (MotorControl) : Invalid parameter (OV_TEMPERATURE_PROT_ENABLING)
2026-04-22 18:31:27,554 DEBUG [LineInfo_to_exitCode.log_LineInfo] 2026-04-22 18:31:27,551 [INFO] ImportTextPane:205 - (OptionalMessage_ERROR) IP (MotorControl) : Invalid parameter (OV_VOLTAGE_PROT_ENABLING)
2026-04-22 18:31:27,554 DEBUG [LineInfo_to_exitCode.log_LineInfo] 2026-04-22 18:31:27,551 [INFO] ImportTextPane:205 - (OptionalMessage_ERROR) IP (MotorControl) : Invalid parameter (PHASE_U_CURR_ADC)
2026-04-22 18:31:27,554 DEBUG [LineInfo_to_exitCode.log_LineInfo] 2026-04-22 18:31:27,551 [INFO] ImportTextPane:205 - (OptionalMessage_ERROR) IP (MotorControl) : Invalid parameter (PHASE_U_GPIO_PIN)
2026-04-22 18:31:27,554 DEBUG [LineInfo_to_exitCode.log_LineInfo] 2026-04-22 18:31:27,551 [INFO] ImportTextPane:205 - (OptionalMessage_ERROR) IP (MotorControl) : Invalid parameter (PHASE_U_GPIO_PORT)
2026-04-22 18:31:27,554 DEBUG [LineInfo_to_exitCode.log_LineInfo] 2026-04-22 18:31:27,551 [INFO] ImportTextPane:205 - (OptionalMessage_ERROR) IP (MotorControl) : Invalid parameter (PHASE_U_PWM_CHANNEL)
2026-04-22 18:31:27,554 DEBUG [LineInfo_to_exitCode.log_LineInfo] 2026-04-22 18:31:27,551 [INFO] ImportTextPane:205 - (OptionalMessage_ERROR) IP (MotorControl) : Invalid parameter (PHASE_UH_GPIO_PIN)
2026-04-22 18:31:27,554 DEBUG [LineInfo_to_exitCode.log_LineInfo] 2026-04-22 18:31:27,551 [INFO] ImportTextPane:205 - (OptionalMessage_ERROR) IP (MotorControl) : Invalid parameter (PHASE_UH_GPIO_PORT)
2026-04-22 18:31:27,554 DEBUG [LineInfo_to_exitCode.log_LineInfo] 2026-04-22 18:31:27,551 [INFO] ImportTextPane:205 - (OptionalMessage_ERROR) IP (MotorControl) : Invalid parameter (PHASE_UL_GPIO_PIN)
2026-04-22 18:31:27,554 DEBUG [LineInfo_to_exitCode.log_LineInfo] 2026-04-22 18:31:27,551 [INFO] ImportTextPane:205 - (OptionalMessage_ERROR) IP (MotorControl) : Invalid parameter (PHASE_UL_GPIO_PORT)
2026-04-22 18:31:27,554 DEBUG [LineInfo_to_exitCode.log_LineInfo] 2026-04-22 18:31:27,551 [INFO] ImportTextPane:205 - (OptionalMessage_ERROR) IP (MotorControl) : Parameter (PHASE_UL_POLARITY) has invalid value (L_ACTIVE_HIGH)
2026-04-22 18:31:27,554 DEBUG [LineInfo_to_exitCode.log_LineInfo] 2026-04-22 18:31:27,551 [INFO] ImportTextPane:205 - (OptionalMessage_ERROR) IP (MotorControl) : Invalid parameter (PHASE_V_CURR_ADC)
2026-04-22 18:31:27,554 DEBUG [LineInfo_to_exitCode.log_LineInfo] 2026-04-22 18:31:27,551 [INFO] ImportTextPane:205 - (OptionalMessage_ERROR) IP (MotorControl) : Invalid parameter (PHASE_V_GPIO_PIN)
2026-04-22 18:31:27,554 DEBUG [LineInfo_to_exitCode.log_LineInfo] 2026-04-22 18:31:27,551 [INFO] ImportTextPane:205 - (OptionalMessage_ERROR) IP (MotorControl) : Invalid parameter (PHASE_V_GPIO_PORT)
2026-04-22 18:31:27,554 DEBUG [LineInfo_to_exitCode.log_LineInfo] 2026-04-22 18:31:27,551 [INFO] ImportTextPane:205 - (OptionalMessage_ERROR) IP (MotorControl) : Invalid parameter (PHASE_V_PWM_CHANNEL)
2026-04-22 18:31:27,554 DEBUG [LineInfo_to_exitCode.log_LineInfo] 2026-04-22 18:31:27,551 [INFO] ImportTextPane:205 - (OptionalMessage_ERROR) IP (MotorControl) : Invalid parameter (PHASE_VH_GPIO_PIN)
2026-04-22 18:31:27,554 DEBUG [LineInfo_to_exitCode.log_LineInfo] 2026-04-22 18:31:27,551 [INFO] ImportTextPane:205 - (OptionalMessage_ERROR) IP (MotorControl) : Invalid parameter (PHASE_VH_GPIO_PORT)
2026-04-22 18:31:27,554 DEBUG [LineInfo_to_exitCode.log_LineInfo] 2026-04-22 18:31:27,551 [INFO] ImportTextPane:205 - (OptionalMessage_ERROR) IP (MotorControl) : Invalid parameter (PHASE_VL_GPIO_PIN)
2026-04-22 18:31:27,555 DEBUG [LineInfo_to_exitCode.log_LineInfo] 2026-04-22 18:31:27,551 [INFO] ImportTextPane:205 - (OptionalMessage_ERROR) IP (MotorControl) : Invalid parameter (PHASE_VL_GPIO_PORT)
2026-04-22 18:31:27,555 DEBUG [LineInfo_to_exitCode.log_LineInfo] 2026-04-22 18:31:27,551 [INFO] ImportTextPane:205 - (OptionalMessage_ERROR) IP (MotorControl) : Parameter (PHASE_VL_POLARITY) has invalid value (L_ACTIVE_HIGH)
2026-04-22 18:31:27,555 DEBUG [LineInfo_to_exitCode.log_LineInfo] 2026-04-22 18:31:27,551 [INFO] ImportTextPane:205 - (OptionalMessage_ERROR) IP (MotorControl) : Invalid parameter (PHASE_W_CURR_ADC)
2026-04-22 18:31:27,555 DEBUG [LineInfo_to_exitCode.log_LineInfo] 2026-04-22 18:31:27,552 [INFO] ImportTextPane:205 - (OptionalMessage_ERROR) IP (MotorControl) : Invalid parameter (PHASE_W_GPIO_PIN)
2026-04-22 18:31:27,555 DEBUG [LineInfo_to_exitCode.log_LineInfo] 2026-04-22 18:31:27,552 [INFO] ImportTextPane:205 - (OptionalMessage_ERROR) IP (MotorControl) : Invalid parameter (PHASE_W_GPIO_PORT)
2026-04-22 18:31:27,555 DEBUG [LineInfo_to_exitCode.log_LineInfo] 2026-04-22 18:31:27,552 [INFO] ImportTextPane:205 - (OptionalMessage_ERROR) IP (MotorControl) : Invalid parameter (PHASE_W_PWM_CHANNEL)
2026-04-22 18:31:27,555 DEBUG [LineInfo_to_exitCode.log_LineInfo] 2026-04-22 18:31:27,552 [INFO] ImportTextPane:205 - (OptionalMessage_ERROR) IP (MotorControl) : Invalid parameter (PHASE_W_S_CURR_ADC)
2026-04-22 18:31:27,555 DEBUG [LineInfo_to_exitCode.log_LineInfo] 2026-04-22 18:31:27,552 [INFO] ImportTextPane:205 - (OptionalMessage_ERROR) IP (MotorControl) : Invalid parameter (PHASE_W_S_CURR_CHANNEL)
2026-04-22 18:31:27,555 DEBUG [LineInfo_to_exitCode.log_LineInfo] 2026-04-22 18:31:27,552 [INFO] ImportTextPane:205 - (OptionalMessage_ERROR) IP (MotorControl) : Invalid parameter (PHASE_W_S_GPIO_PIN)
2026-04-22 18:31:27,555 DEBUG [LineInfo_to_exitCode.log_LineInfo] 2026-04-22 18:31:27,553 [INFO] ImportTextPane:205 - (OptionalMessage_ERROR) IP (MotorControl) : Invalid parameter (PHASE_W_S_GPIO_PORT)
2026-04-22 18:31:27,555 DEBUG [LineInfo_to_exitCode.log_LineInfo] 2026-04-22 18:31:27,553 [INFO] ImportTextPane:205 - (OptionalMessage_ERROR) IP (MotorControl) : Invalid parameter (PHASE_WH_GPIO_PIN)
2026-04-22 18:31:27,555 DEBUG [LineInfo_to_exitCode.log_LineInfo] 2026-04-22 18:31:27,553 [INFO] ImportTextPane:205 - (OptionalMessage_ERROR) IP (MotorControl) : Invalid parameter (PHASE_WH_GPIO_PORT)
2026-04-22 18:31:27,555 DEBUG [LineInfo_to_exitCode.log_LineInfo] 2026-04-22 18:31:27,553 [INFO] ImportTextPane:205 - (OptionalMessage_ERROR) IP (MotorControl) : Invalid parameter (PHASE_WL_GPIO_PIN)
2026-04-22 18:31:27,556 DEBUG [LineInfo_to_exitCode.log_LineInfo] 2026-04-22 18:31:27,553 [INFO] ImportTextPane:205 - (OptionalMessage_ERROR) IP (MotorControl) : Invalid parameter (PHASE_WL_GPIO_PORT)
2026-04-22 18:31:27,556 DEBUG [LineInfo_to_exitCode.log_LineInfo] 2026-04-22 18:31:27,553 [INFO] ImportTextPane:205 - (OptionalMessage_ERROR) IP (MotorControl) : Parameter (PHASE_WL_POLARITY) has invalid value (L_ACTIVE_HIGH)
2026-04-22 18:31:27,556 DEBUG [LineInfo_to_exitCode.log_LineInfo] 2026-04-22 18:31:27,553 [INFO] ImportTextPane:205 - (OptionalMessage_ERROR) IP (MotorControl) : Invalid parameter (POTENTIOMETER_READING)
2026-04-22 18:31:27,556 DEBUG [LineInfo_to_exitCode.log_LineInfo] 2026-04-22 18:31:27,553 [INFO] ImportTextPane:205 - (OptionalMessage_ERROR) IP (MotorControl) : Invalid parameter (PWM_FREQUENCY)
2026-04-22 18:31:27,556 DEBUG [LineInfo_to_exitCode.log_LineInfo] 2026-04-22 18:31:27,553 [INFO] ImportTextPane:205 - (OptionalMessage_ERROR) IP (MotorControl) : Invalid parameter (PWM_TIMER_SELECTION)
2026-04-22 18:31:27,556 DEBUG [LineInfo_to_exitCode.log_LineInfo] 2026-04-22 18:31:27,553 [INFO] ImportTextPane:205 - (OptionalMessage_ERROR) IP (MotorControl) : Invalid parameter (R_BRAKE_SWITCH_OFF_THRES_V)
2026-04-22 18:31:27,556 DEBUG [LineInfo_to_exitCode.log_LineInfo] 2026-04-22 18:31:27,553 [INFO] ImportTextPane:205 - (OptionalMessage_ERROR) IP (MotorControl) : Invalid parameter (REGULATION_EXECUTION_RATE)
2026-04-22 18:31:27,556 DEBUG [LineInfo_to_exitCode.log_LineInfo] 2026-04-22 18:31:27,553 [INFO] ImportTextPane:205 - (OptionalMessage_ERROR) IP (MotorControl) : Invalid parameter (SINGLEDRIVE)
2026-04-22 18:31:27,556 DEBUG [LineInfo_to_exitCode.log_LineInfo] 2026-04-22 18:31:27,553 [INFO] ImportTextPane:205 - (OptionalMessage_ERROR) IP (MotorControl) : Invalid parameter (SPD_DIFFERENTIAL_TERM_ENABLING)
2026-04-22 18:31:27,556 DEBUG [LineInfo_to_exitCode.log_LineInfo] 2026-04-22 18:31:27,553 [INFO] ImportTextPane:205 - (OptionalMessage_ERROR) IP (MotorControl) : Invalid parameter (SPEED_SENSOR_SELECTION)
2026-04-22 18:31:27,556 DEBUG [LineInfo_to_exitCode.log_LineInfo] 2026-04-22 18:31:27,553 [INFO] ImportTextPane:205 - (OptionalMessage_ERROR) IP (MotorControl) : Invalid parameter (START_STOP_GPIO_IRQ)
2026-04-22 18:31:27,556 DEBUG [LineInfo_to_exitCode.log_LineInfo] 2026-04-22 18:31:27,553 [INFO] ImportTextPane:205 - (OptionalMessage_ERROR) IP (MotorControl) : Invalid parameter (START_STOP_POLARITY)
2026-04-22 18:31:27,556 DEBUG [LineInfo_to_exitCode.log_LineInfo] 2026-04-22 18:31:27,553 [INFO] ImportTextPane:205 - (OptionalMessage_ERROR) IP (MotorControl) : Invalid parameter (START_STOP_POLARITY_EDGE)
2026-04-22 18:31:27,556 DEBUG [LineInfo_to_exitCode.log_LineInfo] 2026-04-22 18:31:27,553 [INFO] ImportTextPane:205 - (OptionalMessage_ERROR) IP (MotorControl) : Invalid parameter (STM32G431CB)
2026-04-22 18:31:27,556 DEBUG [LineInfo_to_exitCode.log_LineInfo] 2026-04-22 18:31:27,553 [INFO] ImportTextPane:205 - (OptionalMessage_ERROR) IP (MotorControl) : Invalid parameter (SW_DEADTIME_NS)
2026-04-22 18:31:27,556 DEBUG [LineInfo_to_exitCode.log_LineInfo] 2026-04-22 18:31:27,553 [INFO] ImportTextPane:205 - (OptionalMessage_ERROR) IP (MotorControl) : Invalid parameter (TEMP_ADC_SAMPLING_TIME)
2026-04-22 18:31:27,556 DEBUG [LineInfo_to_exitCode.log_LineInfo] 2026-04-22 18:31:27,553 [INFO] ImportTextPane:205 - (OptionalMessage_ERROR) IP (MotorControl) : Invalid parameter (TEMP_FDBK_ADC)
2026-04-22 18:31:27,556 DEBUG [LineInfo_to_exitCode.log_LineInfo] 2026-04-22 18:31:27,553 [INFO] ImportTextPane:205 - (OptionalMessage_ERROR) IP (MotorControl) : Invalid parameter (TEMP_FDBK_CHANNEL)
2026-04-22 18:31:27,556 DEBUG [LineInfo_to_exitCode.log_LineInfo] 2026-04-22 18:31:27,553 [INFO] ImportTextPane:205 - (OptionalMessage_ERROR) IP (MotorControl) : Invalid parameter (TEMP_FDBK_GPIO_PIN)
2026-04-22 18:31:27,556 DEBUG [LineInfo_to_exitCode.log_LineInfo] 2026-04-22 18:31:27,553 [INFO] ImportTextPane:205 - (OptionalMessage_ERROR) IP (MotorControl) : Invalid parameter (TEMP_FDBK_GPIO_PORT)
2026-04-22 18:31:27,557 DEBUG [LineInfo_to_exitCode.log_LineInfo] 2026-04-22 18:31:27,555 [INFO] ImportTextPane:205 - (OptionalMessage_ERROR) IP (MotorControl) : Invalid parameter (TEMPERATURE_READING)
2026-04-22 18:31:27,557 DEBUG [LineInfo_to_exitCode.log_LineInfo] 2026-04-22 18:31:27,555 [INFO] ImportTextPane:205 - (OptionalMessage_ERROR) IP (MotorControl) : Invalid parameter (TFDIFFERENTIAL_TERM_ENABLING)
2026-04-22 18:31:27,557 DEBUG [LineInfo_to_exitCode.log_LineInfo] 2026-04-22 18:31:27,555 [INFO] ImportTextPane:205 - (OptionalMessage_ERROR) IP (MotorControl) : Invalid parameter (TRISE_NS)
2026-04-22 18:31:27,557 DEBUG [LineInfo_to_exitCode.log_LineInfo] 2026-04-22 18:31:27,555 [INFO] ImportTextPane:205 - (OptionalMessage_ERROR) IP (MotorControl) : Invalid parameter (USART_RX_GPIO_PIN)
2026-04-22 18:31:27,557 DEBUG [LineInfo_to_exitCode.log_LineInfo] 2026-04-22 18:31:27,555 [INFO] ImportTextPane:205 - (OptionalMessage_ERROR) IP (MotorControl) : Invalid parameter (USART_RX_GPIO_PORT)
2026-04-22 18:31:27,557 DEBUG [LineInfo_to_exitCode.log_LineInfo] 2026-04-22 18:31:27,555 [INFO] ImportTextPane:205 - (OptionalMessage_ERROR) IP (MotorControl) : Invalid parameter (USART_SELECTION)
2026-04-22 18:31:27,557 DEBUG [LineInfo_to_exitCode.log_LineInfo] 2026-04-22 18:31:27,555 [INFO] ImportTextPane:205 - (OptionalMessage_ERROR) IP (MotorControl) : Invalid parameter (USART_SPEED)
2026-04-22 18:31:27,557 DEBUG [LineInfo_to_exitCode.log_LineInfo] 2026-04-22 18:31:27,555 [INFO] ImportTextPane:205 - (OptionalMessage_ERROR) IP (MotorControl) : Invalid parameter (USART_TX_GPIO_PIN)
2026-04-22 18:31:27,557 DEBUG [LineInfo_to_exitCode.log_LineInfo] 2026-04-22 18:31:27,555 [INFO] ImportTextPane:205 - (OptionalMessage_ERROR) IP (MotorControl) : Invalid parameter (USART_TX_GPIO_PORT)
2026-04-22 18:31:27,557 DEBUG [LineInfo_to_exitCode.log_LineInfo] 2026-04-22 18:31:27,555 [INFO] ImportTextPane:205 - (OptionalMessage_ERROR) IP (MotorControl) : Invalid parameter (USE_3OPAMPS)
2026-04-22 18:31:27,557 DEBUG [LineInfo_to_exitCode.log_LineInfo] 2026-04-22 18:31:27,555 [INFO] ImportTextPane:205 - (OptionalMessage_ERROR) IP (MotorControl) : Invalid parameter (USE_INTERNAL_OPAMP)
2026-04-22 18:31:27,557 DEBUG [LineInfo_to_exitCode.log_LineInfo] 2026-04-22 18:31:27,555 [INFO] ImportTextPane:205 - (OptionalMessage_ERROR) IP (MotorControl) : Invalid parameter (UV_VOLTAGE_PROT_ENABLING)
2026-04-22 18:31:27,557 DEBUG [LineInfo_to_exitCode.log_LineInfo] 2026-04-22 18:31:27,555 [INFO] ImportTextPane:205 - (OptionalMessage_ERROR) IP (MotorControl) : Invalid parameter (VBUS_ADC)
2026-04-22 18:31:27,557 DEBUG [LineInfo_to_exitCode.log_LineInfo] 2026-04-22 18:31:27,555 [INFO] ImportTextPane:205 - (OptionalMessage_ERROR) IP (MotorControl) : Invalid parameter (VBUS_ADC_SAMPLING_TIME)
2026-04-22 18:31:27,557 DEBUG [LineInfo_to_exitCode.log_LineInfo] 2026-04-22 18:31:27,555 [INFO] ImportTextPane:205 - (OptionalMessage_ERROR) IP (MotorControl) : Invalid parameter (VBUS_CHANNEL)
2026-04-22 18:31:27,557 DEBUG [LineInfo_to_exitCode.log_LineInfo] 2026-04-22 18:31:27,555 [INFO] ImportTextPane:205 - (OptionalMessage_ERROR) IP (MotorControl) : Invalid parameter (VBUS_GPIO_PIN)
2026-04-22 18:31:27,557 DEBUG [LineInfo_to_exitCode.log_LineInfo] 2026-04-22 18:31:27,555 [INFO] ImportTextPane:205 - (OptionalMessage_ERROR) IP (MotorControl) : Invalid parameter (VBUS_GPIO_PORT)
2026-04-22 18:31:27,557 DEBUG [LineInfo_to_exitCode.log_LineInfo] 2026-04-22 18:31:27,555 [INFO] ImportTextPane:205 - (OptionalMessage_ERROR) IP (MotorControl) : Invalid parameter (WB_MX_HEAPSIZE)
2026-04-22 18:31:27,557 DEBUG [LineInfo_to_exitCode.log_LineInfo] 2026-04-22 18:31:27,555 [INFO] ImportTextPane:205 - (OptionalMessage_ERROR) IP (MotorControl) : Invalid parameter (WB_MX_STACKSIZE)
2026-04-22 18:31:27,557 DEBUG [LineInfo_to_exitCode.log_LineInfo] 2026-04-22 18:31:27,555 [INFO] ImportTextPane:205 - (OptionalMessage_ERROR) IP (MotorControl) : Invalid parameter (WB_MX_TRUSTZONE_AVAILABLE)
2026-04-22 18:31:27,557 DEBUG [LineInfo_to_exitCode.log_LineInfo] 2026-04-22 18:31:27,555 [INFO] ImportTextPane:205 - (OptionalMessage_ERROR) IP (MotorControl) : Invalid parameter (WB_to_Mx_template_version)
2026-04-22 18:31:27,559 DEBUG [LineInfo_to_exitCode.log_LineInfo] 2026-04-22 18:31:27,555 [INFO] ImportTextPane:205 - (OptionalMessage_ERROR) IP (MotorControl) : Invalid parameter (WB_to_Mx_version)
2026-04-22 18:31:27,559 DEBUG [LineInfo_to_exitCode.log_LineInfo] 2026-04-22 18:31:27,555 [INFO] ImportTextPane:205 - (OptionalMessage_ERROR) IP (MotorControl) : Invalid parameter (WB_UI_CUTOFF_FREQUENCY)
2026-04-22 18:31:27,559 DEBUG [LineInfo_to_exitCode.log_LineInfo] 2026-04-22 18:31:27,555 [INFO] ImportTextPane:205 - (OptionalMessage_ERROR) IP (MotorControl) : Invalid parameter (WB_UI_ENCODER_HAS_INDEX_PIN)
2026-04-22 18:31:27,559 DEBUG [LineInfo_to_exitCode.log_LineInfo] 2026-04-22 18:31:27,555 [INFO] ImportTextPane:205 - (OptionalMessage_ERROR) IP (MotorControl) : Invalid parameter (WB_UI_FLUX_TARGET)
2026-04-22 18:31:27,559 DEBUG [LineInfo_to_exitCode.log_LineInfo] 2026-04-22 18:31:27,555 [INFO] ImportTextPane:205 - (OptionalMessage_ERROR) IP (MotorControl) : Invalid parameter (WB_UI_FRICTION)
2026-04-22 18:31:27,559 DEBUG [LineInfo_to_exitCode.log_LineInfo] 2026-04-22 18:31:27,555 [INFO] ImportTextPane:205 - (OptionalMessage_ERROR) IP (MotorControl) : Invalid parameter (WB_UI_GAIN)
2026-04-22 18:31:27,559 DEBUG [LineInfo_to_exitCode.log_LineInfo] 2026-04-22 18:31:27,555 [INFO] ImportTextPane:205 - (OptionalMessage_ERROR) IP (MotorControl) : Invalid parameter (WB_UI_GAINLIST)
2026-04-22 18:31:27,559 DEBUG [LineInfo_to_exitCode.log_LineInfo] 2026-04-22 18:31:27,555 [INFO] ImportTextPane:205 - (OptionalMessage_ERROR) IP (MotorControl) : Invalid parameter (WB_UI_GON)
2026-04-22 18:31:27,559 DEBUG [LineInfo_to_exitCode.log_LineInfo] 2026-04-22 18:31:27,555 [INFO] ImportTextPane:205 - (OptionalMessage_ERROR) IP (MotorControl) : Invalid parameter (WB_UI_GOP)
2026-04-22 18:31:27,560 DEBUG [LineInfo_to_exitCode.log_LineInfo] 2026-04-22 18:31:27,556 [INFO] ImportTextPane:205 - (OptionalMessage_ERROR) IP (MotorControl) : Invalid parameter (WB_UI_INERTIA)
2026-04-22 18:31:27,560 DEBUG [LineInfo_to_exitCode.log_LineInfo] 2026-04-22 18:31:27,557 [INFO] ImportTextPane:205 - (OptionalMessage_ERROR) IP (MotorControl) : Invalid parameter (WB_UI_MAGNETIC_STRUCTURE)
2026-04-22 18:31:27,560 DEBUG [LineInfo_to_exitCode.log_LineInfo] 2026-04-22 18:31:27,557 [INFO] ImportTextPane:205 - (OptionalMessage_ERROR) IP (MotorControl) : Invalid parameter (WB_UI_MAX_CURRENT)
2026-04-22 18:31:27,560 DEBUG [LineInfo_to_exitCode.log_LineInfo] 2026-04-22 18:31:27,557 [INFO] ImportTextPane:205 - (OptionalMessage_ERROR) IP (MotorControl) : Invalid parameter (WB_UI_MAX_NOMINAL_DC_VOLTAGE)
2026-04-22 18:31:27,560 DEBUG [LineInfo_to_exitCode.log_LineInfo] 2026-04-22 18:31:27,557 [INFO] ImportTextPane:205 - (OptionalMessage_ERROR) IP (MotorControl) : Invalid parameter (WB_UI_MAX_PWMFREQUENCY)
2026-04-22 18:31:27,560 DEBUG [LineInfo_to_exitCode.log_LineInfo] 2026-04-22 18:31:27,557 [INFO] ImportTextPane:205 - (OptionalMessage_ERROR) IP (MotorControl) : Invalid parameter (WB_UI_MOTOR_DESCRIPTION)
2026-04-22 18:31:27,560 DEBUG [LineInfo_to_exitCode.log_LineInfo] 2026-04-22 18:31:27,557 [INFO] ImportTextPane:205 - (OptionalMessage_ERROR) IP (MotorControl) : Invalid parameter (WB_UI_OCP_THRESHOLD)
2026-04-22 18:31:27,560 DEBUG [LineInfo_to_exitCode.log_LineInfo] 2026-04-22 18:31:27,557 [INFO] ImportTextPane:205 - (OptionalMessage_ERROR) IP (MotorControl) : Invalid parameter (WB_UI_PW_BOARD_MAX_RATED_CURRENT)
2026-04-22 18:31:27,560 DEBUG [LineInfo_to_exitCode.log_LineInfo] 2026-04-22 18:31:27,557 [INFO] ImportTextPane:205 - (OptionalMessage_ERROR) IP (MotorControl) : Invalid parameter (WB_UI_PW_BOARD_MAX_VOLTAGE)
2026-04-22 18:31:27,560 DEBUG [LineInfo_to_exitCode.log_LineInfo] 2026-04-22 18:31:27,557 [INFO] ImportTextPane:205 - (OptionalMessage_ERROR) IP (MotorControl) : Invalid parameter (WB_UI_PW_BOARD_MIN_VOLTAGE)
2026-04-22 18:31:27,560 DEBUG [LineInfo_to_exitCode.log_LineInfo] 2026-04-22 18:31:27,557 [INFO] ImportTextPane:205 - (OptionalMessage_ERROR) IP (MotorControl) : Invalid parameter (WB_UI_VPOL)
2026-04-22 18:31:27,560 DEBUG [LineInfo_to_exitCode.log_LineInfo] 2026-04-22 18:31:27,557 [INFO] ImportTextPane:205 - (OptionalMessage_ERROR) IP (MotorControl) : Invalid parameter (WB_UI_VPOL_K)
2026-04-22 18:31:27,562 DEBUG [LineInfo_to_exitCode.log_LineInfo] 2026-04-22 18:31:27,562 [INFO] ImportTextPane:205 - (OptionalMessage_ERROR) IP (RCC) : Invalid parameter (FamilyName)
2026-04-22 18:31:27,562 DEBUG [LineInfo_to_exitCode.log_LineInfo] 2026-04-22 18:31:27,562 [INFO] ImportTextPane:205 - (OptionalMessage_ERROR) IP (RCC) : Parameter (RNGFreq_Value) has invalid value (170000000)
2026-04-22 18:31:27,562 DEBUG [LineInfo_to_exitCode.log_LineInfo] 2026-04-22 18:31:27,562 [INFO] ImportTextPane:205 - (OptionalMessage_ERROR) IP (RCC) : Parameter (USBFreq_Value) has invalid value (170000000)
2026-04-22 18:31:27,580 DEBUG [LineInfo_to_exitCode.log_LineInfo] 2026-04-22 18:31:27,580 [INFO] ImportTextPane:205 - (OptionalMessage_ERROR) IP (TIM1) : Parameter (TIM_SlaveMode) has invalid value (TIM_SLAVEMODE_TRIGGER)
2026-04-22 18:31:27,585 DEBUG [LineInfo_to_exitCode.log_LineInfo] 2026-04-22 18:31:27,584 [INFO] ImportTextPane:205 - (OptionalMessage_ERROR) IP (TIM1) : Parameter (SourceBRKDigInputPolarity) has invalid value (TIM_BREAKINPUTSOURCE_POLARITY_HIGH)
2026-04-22 18:31:27,585 DEBUG [LineInfo_to_exitCode.log_LineInfo] 2026-04-22 18:31:27,585 [INFO] ImportTextPane:205 - (OptionalMessage_ERROR) IP (TIM1) : Parameter (SourceBRK2DigInputPolarity) has invalid value (TIM_BREAKINPUTSOURCE_POLARITY_LOW)
2026-04-22 18:31:27,807 DEBUG [LineInfo_to_exitCode.log_LineInfo] 2026-04-22 18:31:27,806 [INFO] UtilMem:75 - End LoadConfig() Used Memory: 442839200 Bytes (629145600)
2026-04-22 18:31:27,894 DEBUG [LineInfo_to_exitCode.log_LineInfo] 2026-04-22 18:31:27,894 [INFO] ThirdParty:835 - entering critical section [change project]
2026-04-22 18:31:27,894 DEBUG [LineInfo_to_exitCode.log_LineInfo] 2026-04-22 18:31:27,894 [INFO] ThirdParty:1030 - CMSIS Pack Vendor :STMicroelectronics X-CUBE-AZRTOS-H7 3.5.0
2026-04-22 18:31:27,894 DEBUG [LineInfo_to_exitCode.log_LineInfo] 2026-04-22 18:31:27,894 [INFO] ThirdParty:1030 - CMSIS Pack Vendor :STMicroelectronics X-CUBE-PM33A1 1.0.0
2026-04-22 18:31:27,894 DEBUG [LineInfo_to_exitCode.log_LineInfo] 2026-04-22 18:31:27,894 [INFO] ThirdParty:1030 - CMSIS Pack Vendor :STMicroelectronics USBPD 4.1
2026-04-22 18:31:27,894 DEBUG [LineInfo_to_exitCode.log_LineInfo] 2026-04-22 18:31:27,894 [INFO] ThirdParty:1030 - CMSIS Pack Vendor :STMicroelectronics X-CUBE-NFC9 1.0.0
2026-04-22 18:31:27,894 DEBUG [LineInfo_to_exitCode.log_LineInfo] 2026-04-22 18:31:27,894 [INFO] ThirdParty:1030 - CMSIS Pack Vendor :STMicroelectronics USB_HOST 2.0.0
2026-04-22 18:31:27,895 DEBUG [LineInfo_to_exitCode.log_LineInfo] 2026-04-22 18:31:27,894 [INFO] ThirdParty:1030 - CMSIS Pack Vendor :STMicroelectronics FP-SNS-MOTENVWB1 1.4.0
2026-04-22 18:31:27,895 DEBUG [LineInfo_to_exitCode.log_LineInfo] 2026-04-22 18:31:27,894 [INFO] ThirdParty:1030 - CMSIS Pack Vendor :STMicroelectronics X-CUBE-AZRTOS-F4 1.1.0
2026-04-22 18:31:27,895 DEBUG [LineInfo_to_exitCode.log_LineInfo] 2026-04-22 18:31:27,894 [INFO] ThirdParty:1030 - CMSIS Pack Vendor :STMicroelectronics LIBJPEG 8.0.0
2026-04-22 18:31:27,895 DEBUG [LineInfo_to_exitCode.log_LineInfo] 2026-04-22 18:31:27,894 [INFO] ThirdParty:1030 - CMSIS Pack Vendor :STMicroelectronics FP-ATR-ASTRA1 2.0.2
2026-04-22 18:31:27,895 DEBUG [LineInfo_to_exitCode.log_LineInfo] 2026-04-22 18:31:27,894 [INFO] ThirdParty:1030 - CMSIS Pack Vendor :wolfSSL I-CUBE-wolfSSL 5.8.2
2026-04-22 18:31:27,895 DEBUG [LineInfo_to_exitCode.log_LineInfo] 2026-04-22 18:31:27,894 [INFO] ThirdParty:1030 - CMSIS Pack Vendor :STMicroelectronics X-CUBE-BLE1 7.1.0
2026-04-22 18:31:27,895 DEBUG [LineInfo_to_exitCode.log_LineInfo] 2026-04-22 18:31:27,894 [INFO] ThirdParty:1030 - CMSIS Pack Vendor :STMicroelectronics X-CUBE-SMBUS 2.1.0
2026-04-22 18:31:27,895 DEBUG [LineInfo_to_exitCode.log_LineInfo] 2026-04-22 18:31:27,894 [INFO] ThirdParty:1030 - CMSIS Pack Vendor :wolfSSL I-CUBE-wolfMQTT 1.19.2
2026-04-22 18:31:27,895 DEBUG [LineInfo_to_exitCode.log_LineInfo] 2026-04-22 18:31:27,894 [INFO] ThirdParty:1030 - CMSIS Pack Vendor :STMicroelectronics USB_DEVICE 3.0.0
2026-04-22 18:31:27,895 DEBUG [LineInfo_to_exitCode.log_LineInfo] 2026-04-22 18:31:27,894 [INFO] ThirdParty:1030 - CMSIS Pack Vendor :STMicroelectronics X-CUBE-ISPU 2.1.0
2026-04-22 18:31:27,895 DEBUG [LineInfo_to_exitCode.log_LineInfo] 2026-04-22 18:31:27,894 [INFO] ThirdParty:1030 - CMSIS Pack Vendor :STMicroelectronics X-CUBE-EEPRMA1 5.2.0
2026-04-22 18:31:27,895 DEBUG [LineInfo_to_exitCode.log_LineInfo] 2026-04-22 18:31:27,894 [INFO] ThirdParty:1030 - CMSIS Pack Vendor :STMicroelectronics X-CUBE-AZRTOS-WB 2.0.0
2026-04-22 18:31:27,895 DEBUG [LineInfo_to_exitCode.log_LineInfo] 2026-04-22 18:31:27,894 [INFO] ThirdParty:1030 - CMSIS Pack Vendor :STMicroelectronics X-CUBE-GNSS1 7.0.1
2026-04-22 18:31:27,895 DEBUG [LineInfo_to_exitCode.log_LineInfo] 2026-04-22 18:31:27,894 [INFO] ThirdParty:1030 - CMSIS Pack Vendor :STMicroelectronics X-CUBE-NFC12 1.0.0
2026-04-22 18:31:27,895 DEBUG [LineInfo_to_exitCode.log_LineInfo] 2026-04-22 18:31:27,894 [INFO] ThirdParty:1030 - CMSIS Pack Vendor :STMicroelectronics X-CUBE-AZRTOS-F7 1.1.0
2026-04-22 18:31:27,895 DEBUG [LineInfo_to_exitCode.log_LineInfo] 2026-04-22 18:31:27,894 [INFO] ThirdParty:1030 - CMSIS Pack Vendor :STMicroelectronics X-CUBE-AZRTOS-L5 2.0.0
2026-04-22 18:31:27,895 DEBUG [LineInfo_to_exitCode.log_LineInfo] 2026-04-22 18:31:27,894 [INFO] ThirdParty:1030 - CMSIS Pack Vendor :STMicroelectronics USB_DEVICE 2.0.0
2026-04-22 18:31:27,895 DEBUG [LineInfo_to_exitCode.log_LineInfo] 2026-04-22 18:31:27,894 [INFO] ThirdParty:1030 - CMSIS Pack Vendor :STMicroelectronics X-CUBE-NFC6 3.1.0
2026-04-22 18:31:27,895 DEBUG [LineInfo_to_exitCode.log_LineInfo] 2026-04-22 18:31:27,894 [INFO] ThirdParty:1030 - CMSIS Pack Vendor :quantropi X-CUBE-qispace-sdk-base 2.1.0
2026-04-22 18:31:27,895 DEBUG [LineInfo_to_exitCode.log_LineInfo] 2026-04-22 18:31:27,894 [INFO] ThirdParty:1030 - CMSIS Pack Vendor :STMicroelectronics X-CUBE-MEMS1 12.0.0
2026-04-22 18:31:27,895 DEBUG [LineInfo_to_exitCode.log_LineInfo] 2026-04-22 18:31:27,894 [INFO] ThirdParty:1030 - CMSIS Pack Vendor :STMicroelectronics X-CUBE-STSE01 2.0.0
2026-04-22 18:31:27,896 DEBUG [LineInfo_to_exitCode.log_LineInfo] 2026-04-22 18:31:27,894 [INFO] ThirdParty:1030 - CMSIS Pack Vendor :STMicroelectronics FreeRTOS 0.0.1
2026-04-22 18:31:27,896 DEBUG [LineInfo_to_exitCode.log_LineInfo] 2026-04-22 18:31:27,894 [INFO] ThirdParty:1030 - CMSIS Pack Vendor :STMicroelectronics X-CUBE-AZRTOS-G0 1.1.0
2026-04-22 18:31:27,896 DEBUG [LineInfo_to_exitCode.log_LineInfo] 2026-04-22 18:31:27,894 [INFO] ThirdParty:1030 - CMSIS Pack Vendor :STMicroelectronics X-CUBE-SAFEA1 1.2.2
2026-04-22 18:31:27,896 DEBUG [LineInfo_to_exitCode.log_LineInfo] 2026-04-22 18:31:27,894 [INFO] ThirdParty:1030 - CMSIS Pack Vendor :STMicroelectronics X-CUBE-NFC4 3.0.0
2026-04-22 18:31:27,896 DEBUG [LineInfo_to_exitCode.log_LineInfo] 2026-04-22 18:31:27,894 [INFO] ThirdParty:1030 - CMSIS Pack Vendor :STMicroelectronics X-CUBE-SUBG2 5.0.0
2026-04-22 18:31:27,896 DEBUG [LineInfo_to_exitCode.log_LineInfo] 2026-04-22 18:31:27,894 [INFO] ThirdParty:1030 - CMSIS Pack Vendor :STMicroelectronics X-CUBE-AZRTOS-H7RS 1.1.0
2026-04-22 18:31:27,896 DEBUG [LineInfo_to_exitCode.log_LineInfo] 2026-04-22 18:31:27,894 [INFO] ThirdParty:1030 - CMSIS Pack Vendor :STMicroelectronics STM32_WPAN 1.0.0
2026-04-22 18:31:27,896 DEBUG [LineInfo_to_exitCode.log_LineInfo] 2026-04-22 18:31:27,895 [INFO] ThirdParty:1030 - CMSIS Pack Vendor :EmbeddedOffice I-CUBE-FS-RTOS 1.0.1
2026-04-22 18:31:27,896 DEBUG [LineInfo_to_exitCode.log_LineInfo] 2026-04-22 18:31:27,895 [INFO] ThirdParty:1030 - CMSIS Pack Vendor :STMicroelectronics lwIP 2.0.3
2026-04-22 18:31:27,896 DEBUG [LineInfo_to_exitCode.log_LineInfo] 2026-04-22 18:31:27,895 [INFO] ThirdParty:1030 - CMSIS Pack Vendor :STMicroelectronics USB_HOST 1.0.0
2026-04-22 18:31:27,896 DEBUG [LineInfo_to_exitCode.log_LineInfo] 2026-04-22 18:31:27,895 [INFO] ThirdParty:1030 - CMSIS Pack Vendor :Infineon AIROC-Wi-Fi-Bluetooth-STM32 1.7.1
2026-04-22 18:31:27,896 DEBUG [LineInfo_to_exitCode.log_LineInfo] 2026-04-22 18:31:27,895 [INFO] ThirdParty:1030 - CMSIS Pack Vendor :STMicroelectronics X-CUBE-AZRTOS-G4 2.0.0
2026-04-22 18:31:27,896 DEBUG [LineInfo_to_exitCode.log_LineInfo] 2026-04-22 18:31:27,895 [INFO] ThirdParty:1030 - CMSIS Pack Vendor :STMicroelectronics X-CUBE-WB05N 2.0.0
2026-04-22 18:31:27,896 DEBUG [LineInfo_to_exitCode.log_LineInfo] 2026-04-22 18:31:27,895 [INFO] ThirdParty:1030 - CMSIS Pack Vendor :STMicroelectronics PDM2PCM 3.1.0
2026-04-22 18:31:27,896 DEBUG [LineInfo_to_exitCode.log_LineInfo] 2026-04-22 18:31:27,895 [INFO] ThirdParty:1030 - CMSIS Pack Vendor :STMicroelectronics PDM2PCM 3.3.0
2026-04-22 18:31:27,896 DEBUG [LineInfo_to_exitCode.log_LineInfo] 2026-04-22 18:31:27,895 [INFO] ThirdParty:1030 - CMSIS Pack Vendor :wolfSSL I-CUBE-wolfTPM 3.8.0
2026-04-22 18:31:27,896 DEBUG [LineInfo_to_exitCode.log_LineInfo] 2026-04-22 18:31:27,895 [INFO] ThirdParty:1030 - CMSIS Pack Vendor :STMicroelectronics X-CUBE-AZRTOS-H7 3.4.0
2026-04-22 18:31:27,896 DEBUG [LineInfo_to_exitCode.log_LineInfo] 2026-04-22 18:31:27,895 [INFO] ThirdParty:1030 - CMSIS Pack Vendor :STMicroelectronics X-CUBE-DISPLAY 3.0.0
2026-04-22 18:31:27,896 DEBUG [LineInfo_to_exitCode.log_LineInfo] 2026-04-22 18:31:27,895 [INFO] ThirdParty:1030 - CMSIS Pack Vendor :wolfSSL I-CUBE-wolfSSH 1.4.20
2026-04-22 18:31:27,896 DEBUG [LineInfo_to_exitCode.log_LineInfo] 2026-04-22 18:31:27,895 [INFO] ThirdParty:1030 - CMSIS Pack Vendor :STMicroelectronics X-CUBE-NFC7 2.0.0
2026-04-22 18:31:27,896 DEBUG [LineInfo_to_exitCode.log_LineInfo] 2026-04-22 18:31:27,895 [INFO] ThirdParty:1030 - CMSIS Pack Vendor :RealThread X-CUBE-RT-Thread_Nano 4.1.1
2026-04-22 18:31:27,896 DEBUG [LineInfo_to_exitCode.log_LineInfo] 2026-04-22 18:31:27,895 [INFO] ThirdParty:1030 - CMSIS Pack Vendor :STMicroelectronics FP-ATR-SIGFOX1 3.2.0
2026-04-22 18:31:27,896 DEBUG [LineInfo_to_exitCode.log_LineInfo] 2026-04-22 18:31:27,895 [INFO] ThirdParty:1030 - CMSIS Pack Vendor :STMicroelectronics X-CUBE-NFC10 1.0.0
2026-04-22 18:31:27,896 DEBUG [LineInfo_to_exitCode.log_LineInfo] 2026-04-22 18:31:27,895 [INFO] ThirdParty:1030 - CMSIS Pack Vendor :STMicroelectronics X-CUBE-FREERTOS 1.3.1
2026-04-22 18:31:27,896 DEBUG [LineInfo_to_exitCode.log_LineInfo] 2026-04-22 18:31:27,895 [INFO] ThirdParty:1030 - CMSIS Pack Vendor :STMicroelectronics HAL Drivers 0.0.0
2026-04-22 18:31:27,896 DEBUG [LineInfo_to_exitCode.log_LineInfo] 2026-04-22 18:31:27,895 [INFO] ThirdParty:1030 - CMSIS Pack Vendor :STMicroelectronics MBEDTLS 2.16.2
2026-04-22 18:31:27,896 DEBUG [LineInfo_to_exitCode.log_LineInfo] 2026-04-22 18:31:27,895 [INFO] ThirdParty:1030 - CMSIS Pack Vendor :STMicroelectronics X-CUBE-ALS 1.0.2
2026-04-22 18:31:27,897 DEBUG [LineInfo_to_exitCode.log_LineInfo] 2026-04-22 18:31:27,895 [INFO] ThirdParty:1030 - CMSIS Pack Vendor :emotas I-CUBE-CANOPEN 1.3.0
2026-04-22 18:31:27,897 DEBUG [LineInfo_to_exitCode.log_LineInfo] 2026-04-22 18:31:27,895 [INFO] ThirdParty:1030 - CMSIS Pack Vendor :STMicroelectronics MBEDTLS 2.14.1
2026-04-22 18:31:27,897 DEBUG [LineInfo_to_exitCode.log_LineInfo] 2026-04-22 18:31:27,895 [INFO] ThirdParty:1030 - CMSIS Pack Vendor :STMicroelectronics X-CUBE-GNSS1 7.1.0
2026-04-22 18:31:27,897 DEBUG [LineInfo_to_exitCode.log_LineInfo] 2026-04-22 18:31:27,895 [INFO] ThirdParty:1030 - CMSIS Pack Vendor :ITTIA_DB I-CUBE-ITTIADB 8.9.0
2026-04-22 18:31:27,897 DEBUG [LineInfo_to_exitCode.log_LineInfo] 2026-04-22 18:31:27,895 [INFO] ThirdParty:1030 - CMSIS Pack Vendor :STMicroelectronics X-CUBE-TOUCHGFX 4.26.0
2026-04-22 18:31:27,897 DEBUG [LineInfo_to_exitCode.log_LineInfo] 2026-04-22 18:31:27,895 [INFO] ThirdParty:1030 - CMSIS Pack Vendor :STMicroelectronics X-CUBE-STSE01 1.0.0
2026-04-22 18:31:27,897 DEBUG [LineInfo_to_exitCode.log_LineInfo] 2026-04-22 18:31:27,895 [INFO] ThirdParty:1030 - CMSIS Pack Vendor :STMicroelectronics X-CUBE-TOUCHGFX 4.26.1
2026-04-22 18:31:27,897 DEBUG [LineInfo_to_exitCode.log_LineInfo] 2026-04-22 18:31:27,895 [INFO] ThirdParty:1030 - CMSIS Pack Vendor :STMicroelectronics X-CUBE-NFC6 3.2.0
2026-04-22 18:31:27,897 DEBUG [LineInfo_to_exitCode.log_LineInfo] 2026-04-22 18:31:27,895 [INFO] ThirdParty:1030 - CMSIS Pack Vendor :STMicroelectronics X-CUBE-AI 10.2.0
2026-04-22 18:31:27,897 DEBUG [LineInfo_to_exitCode.log_LineInfo] 2026-04-22 18:31:27,895 [INFO] ThirdParty:1030 - CMSIS Pack Vendor :STMicroelectronics ThreadX 1.0.0
2026-04-22 18:31:27,897 DEBUG [LineInfo_to_exitCode.log_LineInfo] 2026-04-22 18:31:27,895 [INFO] ThirdParty:1030 - CMSIS Pack Vendor :STMicroelectronics FP-SNS-SMARTAG2 1.2.0
2026-04-22 18:31:27,897 DEBUG [LineInfo_to_exitCode.log_LineInfo] 2026-04-22 18:31:27,895 [INFO] ThirdParty:1030 - CMSIS Pack Vendor :STMicroelectronics X-CUBE-AZRTOS-WL 2.0.0
2026-04-22 18:31:27,897 DEBUG [LineInfo_to_exitCode.log_LineInfo] 2026-04-22 18:31:27,895 [INFO] ThirdParty:1030 - CMSIS Pack Vendor :SEGGER I-CUBE-embOS 1.3.1
2026-04-22 18:31:27,897 DEBUG [LineInfo_to_exitCode.log_LineInfo] 2026-04-22 18:31:27,895 [INFO] ThirdParty:1030 - CMSIS Pack Vendor :STMicroelectronics X-CUBE-ALGOBUILD 1.4.0
2026-04-22 18:31:27,897 DEBUG [LineInfo_to_exitCode.log_LineInfo] 2026-04-22 18:31:27,895 [INFO] ThirdParty:1030 - CMSIS Pack Vendor :STMicroelectronics X-CUBE-DPower 1.3.0
2026-04-22 18:31:27,898 DEBUG [LineInfo_to_exitCode.log_LineInfo] 2026-04-22 18:31:27,895 [INFO] ThirdParty:1030 - CMSIS Pack Vendor :STMicroelectronics X-CUBE-MEMS1 11.3.0
2026-04-22 18:31:27,898 DEBUG [LineInfo_to_exitCode.log_LineInfo] 2026-04-22 18:31:27,895 [INFO] ThirdParty:1030 - CMSIS Pack Vendor :STMicroelectronics FP-SNS-MOTENV1 5.0.0
2026-04-22 18:31:27,898 DEBUG [LineInfo_to_exitCode.log_LineInfo] 2026-04-22 18:31:27,895 [INFO] ThirdParty:1030 - CMSIS Pack Vendor :STMicroelectronics USB_DEVICE 1.0.0
2026-04-22 18:31:27,898 DEBUG [LineInfo_to_exitCode.log_LineInfo] 2026-04-22 18:31:27,895 [INFO] ThirdParty:1030 - CMSIS Pack Vendor :STMicroelectronics X-CUBE-AZRTOS-H7RS 1.2.0
2026-04-22 18:31:27,898 DEBUG [LineInfo_to_exitCode.log_LineInfo] 2026-04-22 18:31:27,895 [INFO] ThirdParty:1030 - CMSIS Pack Vendor :STMicroelectronics X-CUBE-AZRTOS-L4 2.0.0
2026-04-22 18:31:27,898 DEBUG [LineInfo_to_exitCode.log_LineInfo] 2026-04-22 18:31:27,895 [INFO] ThirdParty:1030 - CMSIS Pack Vendor :STMicroelectronics ThreadX 0.0.2
2026-04-22 18:31:27,898 DEBUG [LineInfo_to_exitCode.log_LineInfo] 2026-04-22 18:31:27,895 [INFO] ThirdParty:1030 - CMSIS Pack Vendor :STMicroelectronics lwIP 2.1.2
2026-04-22 18:31:27,898 DEBUG [LineInfo_to_exitCode.log_LineInfo] 2026-04-22 18:31:27,895 [INFO] ThirdParty:1030 - CMSIS Pack Vendor :STMicroelectronics X-CUBE-SFXS2LP1 4.0.0
2026-04-22 18:31:27,898 DEBUG [LineInfo_to_exitCode.log_LineInfo] 2026-04-22 18:31:27,895 [INFO] ThirdParty:1030 - CMSIS Pack Vendor :STMicroelectronics X-CUBE-BLE2 3.3.0
2026-04-22 18:31:27,898 DEBUG [LineInfo_to_exitCode.log_LineInfo] 2026-04-22 18:31:27,895 [INFO] ThirdParty:1030 - CMSIS Pack Vendor :STMicroelectronics PDM2PCM 3.2.0
2026-04-22 18:31:27,898 DEBUG [LineInfo_to_exitCode.log_LineInfo] 2026-04-22 18:31:27,895 [INFO] ThirdParty:1030 - CMSIS Pack Vendor :STMicroelectronics X-CUBE-WB05N 2.1.0
2026-04-22 18:31:27,898 DEBUG [LineInfo_to_exitCode.log_LineInfo] 2026-04-22 18:31:27,895 [INFO] ThirdParty:841 - exiting critical section [change project]
2026-04-22 18:31:28,093 DEBUG [LineInfo_to_exitCode.log_LineInfo] 2026-04-22 18:31:28,093 [INFO] PinOutPanel:1561 - setPackage(No Configuration,No Configuration)
2026-04-22 18:31:28,094 DEBUG [LineInfo_to_exitCode.log_LineInfo] 2026-04-22 18:31:28,094 [INFO] PinOutPanel:1561 - setPackage(STM32G431CBUx,UFQFPN48)
2026-04-22 18:31:28,374 DEBUG [LineInfo_to_exitCode.log_LineInfo] 2026-04-22 18:31:28,374 [INFO] UtilMem:75 - Before build in PCC Used Memory: 307328840 Bytes (629145600)
2026-04-22 18:31:28,864 DEBUG [LineInfo_to_exitCode.log_LineInfo] 2026-04-22 18:31:28,863 [INFO] UtilMem:75 - After build in PCC Used Memory: 427972728 Bytes (629145600)
2026-04-22 18:31:28,994 DEBUG [LineInfo_to_exitCode.log_LineInfo] 2026-04-22 18:31:28,994 [INFO] ApiDbMcu:508 - Load IP Config File for MotorControl
2026-04-22 18:31:29,010 DEBUG [LineInfo_to_exitCode.log_LineInfo] 2026-04-22 18:31:29,010 [INFO] IPUIPlugin:80 - create IPUIPlugin
2026-04-22 18:31:29,010 DEBUG [LineInfo_to_exitCode.log_LineInfo] 2026-04-22 18:31:29,010 [INFO] IPUIPlugin:80 - create IPUIPlugin
2026-04-22 18:31:29,010 DEBUG [LineInfo_to_exitCode.log_LineInfo] 2026-04-22 18:31:29,010 [INFO] IPUIPlugin:80 - create IPUIPlugin
2026-04-22 18:31:29,010 DEBUG [LineInfo_to_exitCode.log_LineInfo] 2026-04-22 18:31:29,010 [INFO] IPUIPlugin:80 - create IPUIPlugin
2026-04-22 18:31:29,010 DEBUG [LineInfo_to_exitCode.log_LineInfo] 2026-04-22 18:31:29,010 [INFO] IPUIPlugin:80 - create IPUIPlugin
2026-04-22 18:31:29,010 DEBUG [LineInfo_to_exitCode.log_LineInfo] 2026-04-22 18:31:29,010 [INFO] IPUIPlugin:80 - create IPUIPlugin
2026-04-22 18:31:29,010 DEBUG [LineInfo_to_exitCode.log_LineInfo] 2026-04-22 18:31:29,010 [INFO] IPUIPlugin:80 - create IPUIPlugin
2026-04-22 18:31:29,010 DEBUG [LineInfo_to_exitCode.log_LineInfo] 2026-04-22 18:31:29,010 [INFO] IPUIPlugin:80 - create IPUIPlugin
2026-04-22 18:31:29,010 DEBUG [LineInfo_to_exitCode.log_LineInfo] 2026-04-22 18:31:29,010 [INFO] IPUIPlugin:80 - create IPUIPlugin
2026-04-22 18:31:29,011 DEBUG [LineInfo_to_exitCode.log_LineInfo] 2026-04-22 18:31:29,010 [INFO] IPUIPlugin:80 - create IPUIPlugin
2026-04-22 18:31:29,011 DEBUG [LineInfo_to_exitCode.log_LineInfo] 2026-04-22 18:31:29,010 [INFO] IPUIPlugin:80 - create IPUIPlugin
2026-04-22 18:31:29,011 DEBUG [LineInfo_to_exitCode.log_LineInfo] 2026-04-22 18:31:29,010 [INFO] IPUIPlugin:80 - create IPUIPlugin
2026-04-22 18:31:29,011 DEBUG [LineInfo_to_exitCode.log_LineInfo] 2026-04-22 18:31:29,010 [INFO] IPUIPlugin:80 - create IPUIPlugin
2026-04-22 18:31:29,011 DEBUG [LineInfo_to_exitCode.log_LineInfo] 2026-04-22 18:31:29,011 [INFO] IPUIPlugin:80 - create IPUIPlugin
2026-04-22 18:31:29,011 DEBUG [LineInfo_to_exitCode.log_LineInfo] 2026-04-22 18:31:29,011 [INFO] IPUIPlugin:80 - create IPUIPlugin
2026-04-22 18:31:29,011 DEBUG [LineInfo_to_exitCode.log_LineInfo] 2026-04-22 18:31:29,011 [INFO] IPUIPlugin:80 - create IPUIPlugin
2026-04-22 18:31:29,011 DEBUG [LineInfo_to_exitCode.log_LineInfo] 2026-04-22 18:31:29,011 [INFO] IPUIPlugin:80 - create IPUIPlugin
2026-04-22 18:31:29,011 DEBUG [LineInfo_to_exitCode.log_LineInfo] 2026-04-22 18:31:29,011 [INFO] IPUIPlugin:80 - create IPUIPlugin
2026-04-22 18:31:29,011 DEBUG [LineInfo_to_exitCode.log_LineInfo] 2026-04-22 18:31:29,011 [INFO] IPUIPlugin:80 - create IPUIPlugin
2026-04-22 18:31:29,011 DEBUG [LineInfo_to_exitCode.log_LineInfo] 2026-04-22 18:31:29,011 [INFO] IPUIPlugin:80 - create IPUIPlugin
2026-04-22 18:31:29,011 DEBUG [LineInfo_to_exitCode.log_LineInfo] 2026-04-22 18:31:29,011 [INFO] IPUIPlugin:80 - create IPUIPlugin
2026-04-22 18:31:29,011 DEBUG [LineInfo_to_exitCode.log_LineInfo] 2026-04-22 18:31:29,011 [INFO] IPUIPlugin:80 - create IPUIPlugin
2026-04-22 18:31:29,011 DEBUG [LineInfo_to_exitCode.log_LineInfo] 2026-04-22 18:31:29,011 [INFO] IPUIPlugin:80 - create IPUIPlugin
2026-04-22 18:31:29,011 DEBUG [LineInfo_to_exitCode.log_LineInfo] 2026-04-22 18:31:29,011 [INFO] IPUIPlugin:80 - create IPUIPlugin
2026-04-22 18:31:29,011 DEBUG [LineInfo_to_exitCode.log_LineInfo] 2026-04-22 18:31:29,011 [INFO] IPUIPlugin:80 - create IPUIPlugin
2026-04-22 18:31:29,012 DEBUG [LineInfo_to_exitCode.log_LineInfo] 2026-04-22 18:31:29,012 [INFO] IPUIPlugin:80 - create IPUIPlugin
2026-04-22 18:31:29,012 DEBUG [LineInfo_to_exitCode.log_LineInfo] 2026-04-22 18:31:29,012 [INFO] IPUIPlugin:80 - create IPUIPlugin
2026-04-22 18:31:29,012 DEBUG [LineInfo_to_exitCode.log_LineInfo] 2026-04-22 18:31:29,012 [INFO] IPUIPlugin:80 - create IPUIPlugin
2026-04-22 18:31:29,012 DEBUG [LineInfo_to_exitCode.log_LineInfo] 2026-04-22 18:31:29,012 [INFO] IPUIPlugin:80 - create IPUIPlugin
2026-04-22 18:31:29,012 DEBUG [LineInfo_to_exitCode.log_LineInfo] 2026-04-22 18:31:29,012 [INFO] IPUIPlugin:80 - create IPUIPlugin
2026-04-22 18:31:29,012 DEBUG [LineInfo_to_exitCode.log_LineInfo] 2026-04-22 18:31:29,012 [INFO] IPUIPlugin:80 - create IPUIPlugin
2026-04-22 18:31:29,012 DEBUG [LineInfo_to_exitCode.log_LineInfo] 2026-04-22 18:31:29,012 [INFO] IPUIPlugin:80 - create IPUIPlugin
2026-04-22 18:31:29,012 DEBUG [LineInfo_to_exitCode.log_LineInfo] 2026-04-22 18:31:29,012 [INFO] IPUIPlugin:80 - create IPUIPlugin
2026-04-22 18:31:29,012 DEBUG [LineInfo_to_exitCode.log_LineInfo] 2026-04-22 18:31:29,012 [INFO] IPUIPlugin:80 - create IPUIPlugin
2026-04-22 18:31:29,012 DEBUG [LineInfo_to_exitCode.log_LineInfo] 2026-04-22 18:31:29,012 [INFO] IPUIPlugin:80 - create IPUIPlugin
2026-04-22 18:31:29,013 DEBUG [LineInfo_to_exitCode.log_LineInfo] 2026-04-22 18:31:29,012 [INFO] IPUIPlugin:80 - create IPUIPlugin
2026-04-22 18:31:29,013 DEBUG [LineInfo_to_exitCode.log_LineInfo] 2026-04-22 18:31:29,013 [INFO] IPUIPlugin:80 - create IPUIPlugin
2026-04-22 18:31:29,013 DEBUG [LineInfo_to_exitCode.log_LineInfo] 2026-04-22 18:31:29,013 [INFO] IPUIPlugin:80 - create IPUIPlugin
2026-04-22 18:31:29,013 DEBUG [LineInfo_to_exitCode.log_LineInfo] 2026-04-22 18:31:29,013 [INFO] IPUIPlugin:80 - create IPUIPlugin
2026-04-22 18:31:29,013 DEBUG [LineInfo_to_exitCode.log_LineInfo] 2026-04-22 18:31:29,013 [INFO] IPUIPlugin:80 - create IPUIPlugin
2026-04-22 18:31:29,013 DEBUG [LineInfo_to_exitCode.log_LineInfo] 2026-04-22 18:31:29,013 [INFO] IPUIPlugin:80 - create IPUIPlugin
2026-04-22 18:31:29,013 DEBUG [LineInfo_to_exitCode.log_LineInfo] 2026-04-22 18:31:29,013 [INFO] IPUIPlugin:80 - create IPUIPlugin
2026-04-22 18:31:29,013 DEBUG [LineInfo_to_exitCode.log_LineInfo] 2026-04-22 18:31:29,013 [INFO] IPUIPlugin:80 - create IPUIPlugin
2026-04-22 18:31:29,014 DEBUG [LineInfo_to_exitCode.log_LineInfo] 2026-04-22 18:31:29,013 [INFO] IPUIPlugin:80 - create IPUIPlugin
2026-04-22 18:31:29,014 DEBUG [LineInfo_to_exitCode.log_LineInfo] 2026-04-22 18:31:29,014 [INFO] IPUIPlugin:80 - create IPUIPlugin
2026-04-22 18:31:29,014 DEBUG [LineInfo_to_exitCode.log_LineInfo] 2026-04-22 18:31:29,014 [INFO] IPUIPlugin:80 - create IPUIPlugin
2026-04-22 18:31:29,014 DEBUG [LineInfo_to_exitCode.log_LineInfo] 2026-04-22 18:31:29,014 [INFO] IPUIPlugin:80 - create IPUIPlugin
2026-04-22 18:31:29,014 DEBUG [LineInfo_to_exitCode.log_LineInfo] 2026-04-22 18:31:29,014 [INFO] IPUIPlugin:80 - create IPUIPlugin
2026-04-22 18:31:29,014 DEBUG [LineInfo_to_exitCode.log_LineInfo] 2026-04-22 18:31:29,014 [INFO] IPUIPlugin:80 - create IPUIPlugin
2026-04-22 18:31:29,014 DEBUG [LineInfo_to_exitCode.log_LineInfo] 2026-04-22 18:31:29,014 [INFO] IPUIPlugin:80 - create IPUIPlugin
2026-04-22 18:31:29,015 DEBUG [LineInfo_to_exitCode.log_LineInfo] 2026-04-22 18:31:29,015 [INFO] IPUIPlugin:80 - create IPUIPlugin
2026-04-22 18:31:29,015 DEBUG [LineInfo_to_exitCode.log_LineInfo] 2026-04-22 18:31:29,015 [INFO] IPUIPlugin:80 - create IPUIPlugin
2026-04-22 18:31:29,015 DEBUG [LineInfo_to_exitCode.log_LineInfo] 2026-04-22 18:31:29,015 [INFO] IPUIPlugin:80 - create IPUIPlugin
2026-04-22 18:31:29,015 DEBUG [LineInfo_to_exitCode.log_LineInfo] 2026-04-22 18:31:29,015 [INFO] IPUIPlugin:80 - create IPUIPlugin
2026-04-22 18:31:29,015 DEBUG [LineInfo_to_exitCode.log_LineInfo] 2026-04-22 18:31:29,015 [INFO] IPUIPlugin:80 - create IPUIPlugin
2026-04-22 18:31:29,016 DEBUG [LineInfo_to_exitCode.log_LineInfo] 2026-04-22 18:31:29,016 [INFO] IPUIPlugin:80 - create IPUIPlugin
2026-04-22 18:31:29,016 DEBUG [LineInfo_to_exitCode.log_LineInfo] 2026-04-22 18:31:29,016 [INFO] IPUIPlugin:80 - create IPUIPlugin
2026-04-22 18:31:29,016 DEBUG [LineInfo_to_exitCode.log_LineInfo] 2026-04-22 18:31:29,016 [INFO] IPUIPlugin:80 - create IPUIPlugin
2026-04-22 18:31:29,016 DEBUG [LineInfo_to_exitCode.log_LineInfo] 2026-04-22 18:31:29,016 [INFO] IPUIPlugin:80 - create IPUIPlugin
2026-04-22 18:31:29,164 DEBUG [LineInfo_to_exitCode.log_LineInfo] 2026-04-22 18:31:29,164 [INFO] CADModel:165 - CPN selected for project levelSTM32G431CBU3
2026-04-22 18:31:29,164 DEBUG [LineInfo_to_exitCode.log_LineInfo] 2026-04-22 18:31:29,164 [INFO] CADModel:114 - Register for checkConnection events
2026-04-22 18:31:29,443 DEBUG [LineInfo_to_exitCode.log_LineInfo] 2026-04-22 18:31:29,443 [INFO] OpenFileManager:363 - Restore cursor
2026-04-22 18:31:29,788 DEBUG [LineInfo_to_exitCode.log_LineInfo] 2026-04-22 18:31:29,788 [INFO] UtilMem:75 - End SaveConfig() Used Memory: 414178000 Bytes (629145600)
2026-04-22 18:31:30,027 DEBUG [LineInfo_to_exitCode.log_LineInfo] 2026-04-22 18:31:30,027 [INFO] BlockDiagram:2766 - set Specific Code input for plugin: MotorControl
2026-04-22 18:31:30,027 DEBUG [LineInfo_to_exitCode.log_LineInfo] 2026-04-22 18:31:30,027 [INFO] BlockDiagram:2766 - set Specific Code input for plugin: DAC
2026-04-22 18:31:30,027 DEBUG [LineInfo_to_exitCode.log_LineInfo] 2026-04-22 18:31:30,027 [INFO] BlockDiagram:2766 - set Specific Code input for plugin: TIM1_8G4
2026-04-22 18:31:30,027 DEBUG [LineInfo_to_exitCode.log_LineInfo] 2026-04-22 18:31:30,027 [INFO] BlockDiagram:2766 - set Specific Code input for plugin: TIM1_8G4
2026-04-22 18:31:30,028 DEBUG [LineInfo_to_exitCode.log_LineInfo] 2026-04-22 18:31:30,027 [INFO] BlockDiagram:2766 - set Specific Code input for plugin: OPAMP
2026-04-22 18:31:30,028 DEBUG [LineInfo_to_exitCode.log_LineInfo] 2026-04-22 18:31:30,027 [INFO] BlockDiagram:2766 - set Specific Code input for plugin: ADC
2026-04-22 18:31:30,028 DEBUG [LineInfo_to_exitCode.log_LineInfo] 2026-04-22 18:31:30,027 [INFO] BlockDiagram:2766 - set Specific Code input for plugin: SYS
2026-04-22 18:31:30,028 DEBUG [LineInfo_to_exitCode.log_LineInfo] 2026-04-22 18:31:30,027 [INFO] BlockDiagram:2766 - set Specific Code input for plugin: ADC
2026-04-22 18:31:30,028 DEBUG [LineInfo_to_exitCode.log_LineInfo] 2026-04-22 18:31:30,027 [INFO] BlockDiagram:2766 - set Specific Code input for plugin: RCC
2026-04-22 18:31:30,028 DEBUG [LineInfo_to_exitCode.log_LineInfo] 2026-04-22 18:31:30,027 [INFO] BlockDiagram:2766 - set Specific Code input for plugin: OPAMP
2026-04-22 18:31:30,028 DEBUG [LineInfo_to_exitCode.log_LineInfo] 2026-04-22 18:31:30,027 [INFO] BlockDiagram:2766 - set Specific Code input for plugin: OPAMP
2026-04-22 18:31:30,028 DEBUG [LineInfo_to_exitCode.log_LineInfo] 2026-04-22 18:31:30,027 [INFO] BlockDiagram:2766 - set Specific Code input for plugin: NVIC
2026-04-22 18:31:30,028 DEBUG [LineInfo_to_exitCode.log_LineInfo] 2026-04-22 18:31:30,027 [INFO] BlockDiagram:2766 - set Specific Code input for plugin: COMP
2026-04-22 18:31:30,028 DEBUG [LineInfo_to_exitCode.log_LineInfo] 2026-04-22 18:31:30,027 [INFO] BlockDiagram:2766 - set Specific Code input for plugin: USART
2026-04-22 18:31:30,028 DEBUG [LineInfo_to_exitCode.log_LineInfo] 2026-04-22 18:31:30,027 [INFO] BlockDiagram:2766 - set Specific Code input for plugin: COMP
2026-04-22 18:31:30,028 DEBUG [LineInfo_to_exitCode.log_LineInfo] 2026-04-22 18:31:30,027 [INFO] BlockDiagram:2766 - set Specific Code input for plugin: COMP
2026-04-22 18:31:30,028 DEBUG [LineInfo_to_exitCode.log_LineInfo] 2026-04-22 18:31:30,027 [INFO] BlockDiagram:2766 - set Specific Code input for plugin: DMA
2026-04-22 18:31:30,028 DEBUG [LineInfo_to_exitCode.log_LineInfo] 2026-04-22 18:31:30,027 [INFO] BlockDiagram:2766 - set Specific Code input for plugin: CORDIC
2026-04-22 18:31:30,028 DEBUG [LineInfo_to_exitCode.log_LineInfo] 2026-04-22 18:31:30,028 [INFO] BlockDiagram:2766 - set Specific Code input for plugin: GPIO
2026-04-22 18:31:30,035 DEBUG [LineInfo_to_exitCode.log_LineInfo] 2026-04-22 18:31:30,035 [INFO] CodeGenerator:807 - code generatio: config db path: C:\Users\dozav\AppData\Local\Programs\STM32CubeMX\\db\
2026-04-22 18:31:30,222 DEBUG [LineInfo_to_exitCode.log_LineInfo] 2026-04-22 18:31:30,222 [INFO] CodeEngine:255 - oldGeneratedFile, C:\Users\dozav\Documents\GitHub\CUBLI_B-G431B-ESC1\CUBLI_motor_control\MXTmpFiles\license.tmp_save
2026-04-22 18:31:30,443 DEBUG [LineInfo_to_exitCode.log_LineInfo] 2026-04-22 18:31:30,443 [INFO] CodeEngine:279 - Generated code: C:\Users\dozav\Documents\GitHub\CUBLI_B-G431B-ESC1\CUBLI_motor_control\MXTmpFiles\license.tmp
2026-04-22 18:31:30,526 DEBUG [LineInfo_to_exitCode.log_LineInfo] 2026-04-22 18:31:30,526 [INFO] CodeEngine:255 - oldGeneratedFile, C:\Users\dozav\Documents\GitHub\CUBLI_B-G431B-ESC1\CUBLI_motor_control\MXTmpFiles\gpio.tmp_save
2026-04-22 18:31:30,633 DEBUG [LineInfo_to_exitCode.log_LineInfo] 2026-04-22 18:31:30,632 [INFO] CodeEngine:279 - Generated code: C:\Users\dozav\Documents\GitHub\CUBLI_B-G431B-ESC1\CUBLI_motor_control\MXTmpFiles\gpio.tmp
2026-04-22 18:31:31,483 DEBUG [LineInfo_to_exitCode.log_LineInfo] 2026-04-22 18:31:31,483 [INFO] Middleware:1439 - No code input for Bsp Dependency
2026-04-22 18:31:31,575 DEBUG [LineInfo_to_exitCode.log_LineInfo] 2026-04-22 18:31:31,575 [INFO] CodeEngine:255 - oldGeneratedFile, C:\Users\dozav\Documents\GitHub\CUBLI_B-G431B-ESC1\CUBLI_motor_control\MXTmpFiles\dma.tmp_save
2026-04-22 18:31:31,659 DEBUG [LineInfo_to_exitCode.log_LineInfo] 2026-04-22 18:31:31,659 [INFO] CodeEngine:279 - Generated code: C:\Users\dozav\Documents\GitHub\CUBLI_B-G431B-ESC1\CUBLI_motor_control\MXTmpFiles\dma.tmp
2026-04-22 18:31:31,668 DEBUG [LineInfo_to_exitCode.log_LineInfo] 2026-04-22 18:31:31,668 [INFO] CodeEngine:255 - oldGeneratedFile, C:\Users\dozav\Documents\GitHub\CUBLI_B-G431B-ESC1\CUBLI_motor_control\MXTmpFiles\dma_GV.tmp_save
2026-04-22 18:31:31,705 DEBUG [LineInfo_to_exitCode.log_LineInfo] 2026-04-22 18:31:31,705 [INFO] CodeEngine:279 - Generated code: C:\Users\dozav\Documents\GitHub\CUBLI_B-G431B-ESC1\CUBLI_motor_control\MXTmpFiles\dma_GV.tmp
2026-04-22 18:31:31,795 DEBUG [LineInfo_to_exitCode.log_LineInfo] 2026-04-22 18:31:31,795 [INFO] Middleware:1439 - No code input for Bsp Dependency
2026-04-22 18:31:31,839 DEBUG [LineInfo_to_exitCode.log_LineInfo] 2026-04-22 18:31:31,839 [INFO] CodeEngine:255 - oldGeneratedFile, C:\Users\dozav\Documents\GitHub\CUBLI_B-G431B-ESC1\CUBLI_motor_control\Src\motorcontrol.c_save
2026-04-22 18:31:31,925 INFO  [LineInfo_to_exitCode.log_LineInfo] Generated code: C:\Users\dozav\Documents\GitHub\CUBLI_B-G431B-ESC1\CUBLI_motor_control\Src\motorcontrol.c
2026-04-22 18:31:31,937 DEBUG [LineInfo_to_exitCode.log_LineInfo] 2026-04-22 18:31:31,937 [INFO] CodeEngine:255 - oldGeneratedFile, C:\Users\dozav\Documents\GitHub\CUBLI_B-G431B-ESC1\CUBLI_motor_control\Inc\motorcontrol.h_save
2026-04-22 18:31:31,991 INFO  [LineInfo_to_exitCode.log_LineInfo] Generated code: C:\Users\dozav\Documents\GitHub\CUBLI_B-G431B-ESC1\CUBLI_motor_control\Inc\motorcontrol.h
2026-04-22 18:31:32,010 DEBUG [LineInfo_to_exitCode.log_LineInfo] 2026-04-22 18:31:32,010 [INFO] CodeEngine:255 - oldGeneratedFile, C:\Users\dozav\Documents\GitHub\CUBLI_B-G431B-ESC1\CUBLI_motor_control\Inc\drive_parameters.h_save
2026-04-22 18:31:32,118 INFO  [LineInfo_to_exitCode.log_LineInfo] Generated code: C:\Users\dozav\Documents\GitHub\CUBLI_B-G431B-ESC1\CUBLI_motor_control\Inc\drive_parameters.h
2026-04-22 18:31:32,141 DEBUG [LineInfo_to_exitCode.log_LineInfo] 2026-04-22 18:31:32,141 [INFO] CodeEngine:255 - oldGeneratedFile, C:\Users\dozav\Documents\GitHub\CUBLI_B-G431B-ESC1\CUBLI_motor_control\Inc\mc_type.h_save
2026-04-22 18:31:32,214 INFO  [LineInfo_to_exitCode.log_LineInfo] Generated code: C:\Users\dozav\Documents\GitHub\CUBLI_B-G431B-ESC1\CUBLI_motor_control\Inc\mc_type.h
2026-04-22 18:31:32,232 DEBUG [LineInfo_to_exitCode.log_LineInfo] 2026-04-22 18:31:32,232 [INFO] CodeEngine:255 - oldGeneratedFile, C:\Users\dozav\Documents\GitHub\CUBLI_B-G431B-ESC1\CUBLI_motor_control\Src\speed_torq_ctrl.c_save
2026-04-22 18:31:32,301 INFO  [LineInfo_to_exitCode.log_LineInfo] Generated code: C:\Users\dozav\Documents\GitHub\CUBLI_B-G431B-ESC1\CUBLI_motor_control\Src\speed_torq_ctrl.c
2026-04-22 18:31:32,320 DEBUG [LineInfo_to_exitCode.log_LineInfo] 2026-04-22 18:31:32,320 [INFO] CodeEngine:255 - oldGeneratedFile, C:\Users\dozav\Documents\GitHub\CUBLI_B-G431B-ESC1\CUBLI_motor_control\Inc\speed_torq_ctrl.h_save
2026-04-22 18:31:32,384 INFO  [LineInfo_to_exitCode.log_LineInfo] Generated code: C:\Users\dozav\Documents\GitHub\CUBLI_B-G431B-ESC1\CUBLI_motor_control\Inc\speed_torq_ctrl.h
2026-04-22 18:31:32,395 DEBUG [LineInfo_to_exitCode.log_LineInfo] 2026-04-22 18:31:32,395 [INFO] CodeEngine:255 - oldGeneratedFile, C:\Users\dozav\Documents\GitHub\CUBLI_B-G431B-ESC1\CUBLI_motor_control\Inc\mc_tasks.h_save
2026-04-22 18:31:32,459 INFO  [LineInfo_to_exitCode.log_LineInfo] Generated code: C:\Users\dozav\Documents\GitHub\CUBLI_B-G431B-ESC1\CUBLI_motor_control\Inc\mc_tasks.h
2026-04-22 18:31:32,471 DEBUG [LineInfo_to_exitCode.log_LineInfo] 2026-04-22 18:31:32,471 [INFO] CodeEngine:255 - oldGeneratedFile, C:\Users\dozav\Documents\GitHub\CUBLI_B-G431B-ESC1\CUBLI_motor_control\Src\pwm_common.c_save
2026-04-22 18:31:32,533 INFO  [LineInfo_to_exitCode.log_LineInfo] Generated code: C:\Users\dozav\Documents\GitHub\CUBLI_B-G431B-ESC1\CUBLI_motor_control\Src\pwm_common.c
2026-04-22 18:31:32,546 DEBUG [LineInfo_to_exitCode.log_LineInfo] 2026-04-22 18:31:32,545 [INFO] CodeEngine:255 - oldGeneratedFile, C:\Users\dozav\Documents\GitHub\CUBLI_B-G431B-ESC1\CUBLI_motor_control\Inc\pwm_common.h_save
2026-04-22 18:31:32,606 INFO  [LineInfo_to_exitCode.log_LineInfo] Generated code: C:\Users\dozav\Documents\GitHub\CUBLI_B-G431B-ESC1\CUBLI_motor_control\Inc\pwm_common.h
2026-04-22 18:31:32,628 DEBUG [LineInfo_to_exitCode.log_LineInfo] 2026-04-22 18:31:32,628 [INFO] CodeEngine:255 - oldGeneratedFile, C:\Users\dozav\Documents\GitHub\CUBLI_B-G431B-ESC1\CUBLI_motor_control\Src\mc_api.c_save
2026-04-22 18:31:32,718 INFO  [LineInfo_to_exitCode.log_LineInfo] Generated code: C:\Users\dozav\Documents\GitHub\CUBLI_B-G431B-ESC1\CUBLI_motor_control\Src\mc_api.c
2026-04-22 18:31:32,735 DEBUG [LineInfo_to_exitCode.log_LineInfo] 2026-04-22 18:31:32,734 [INFO] CodeEngine:255 - oldGeneratedFile, C:\Users\dozav\Documents\GitHub\CUBLI_B-G431B-ESC1\CUBLI_motor_control\Inc\mc_api.h_save
2026-04-22 18:31:32,790 INFO  [LineInfo_to_exitCode.log_LineInfo] Generated code: C:\Users\dozav\Documents\GitHub\CUBLI_B-G431B-ESC1\CUBLI_motor_control\Inc\mc_api.h
2026-04-22 18:31:32,807 DEBUG [LineInfo_to_exitCode.log_LineInfo] 2026-04-22 18:31:32,807 [INFO] CodeEngine:255 - oldGeneratedFile, C:\Users\dozav\Documents\GitHub\CUBLI_B-G431B-ESC1\CUBLI_motor_control\Src\mc_config.c_save
2026-04-22 18:31:32,898 INFO  [LineInfo_to_exitCode.log_LineInfo] Generated code: C:\Users\dozav\Documents\GitHub\CUBLI_B-G431B-ESC1\CUBLI_motor_control\Src\mc_config.c
2026-04-22 18:31:32,914 DEBUG [LineInfo_to_exitCode.log_LineInfo] 2026-04-22 18:31:32,914 [INFO] CodeEngine:255 - oldGeneratedFile, C:\Users\dozav\Documents\GitHub\CUBLI_B-G431B-ESC1\CUBLI_motor_control\Src\mc_config_common.c_save
2026-04-22 18:31:32,978 INFO  [LineInfo_to_exitCode.log_LineInfo] Generated code: C:\Users\dozav\Documents\GitHub\CUBLI_B-G431B-ESC1\CUBLI_motor_control\Src\mc_config_common.c
2026-04-22 18:31:32,994 DEBUG [LineInfo_to_exitCode.log_LineInfo] 2026-04-22 18:31:32,994 [INFO] CodeEngine:255 - oldGeneratedFile, C:\Users\dozav\Documents\GitHub\CUBLI_B-G431B-ESC1\CUBLI_motor_control\Inc\mc_config.h_save
2026-04-22 18:31:33,048 INFO  [LineInfo_to_exitCode.log_LineInfo] Generated code: C:\Users\dozav\Documents\GitHub\CUBLI_B-G431B-ESC1\CUBLI_motor_control\Inc\mc_config.h
2026-04-22 18:31:33,059 DEBUG [LineInfo_to_exitCode.log_LineInfo] 2026-04-22 18:31:33,059 [INFO] CodeEngine:255 - oldGeneratedFile, C:\Users\dozav\Documents\GitHub\CUBLI_B-G431B-ESC1\CUBLI_motor_control\Inc\mc_config_common.h_save
2026-04-22 18:31:33,112 INFO  [LineInfo_to_exitCode.log_LineInfo] Generated code: C:\Users\dozav\Documents\GitHub\CUBLI_B-G431B-ESC1\CUBLI_motor_control\Inc\mc_config_common.h
2026-04-22 18:31:33,123 DEBUG [LineInfo_to_exitCode.log_LineInfo] 2026-04-22 18:31:33,122 [INFO] CodeEngine:255 - oldGeneratedFile, C:\Users\dozav\Documents\GitHub\CUBLI_B-G431B-ESC1\CUBLI_motor_control\Inc\mcp_config.h_save
2026-04-22 18:31:33,175 INFO  [LineInfo_to_exitCode.log_LineInfo] Generated code: C:\Users\dozav\Documents\GitHub\CUBLI_B-G431B-ESC1\CUBLI_motor_control\Inc\mcp_config.h
2026-04-22 18:31:33,189 DEBUG [LineInfo_to_exitCode.log_LineInfo] 2026-04-22 18:31:33,189 [INFO] CodeEngine:255 - oldGeneratedFile, C:\Users\dozav\Documents\GitHub\CUBLI_B-G431B-ESC1\CUBLI_motor_control\Src\mcp_config.c_save
2026-04-22 18:31:33,242 INFO  [LineInfo_to_exitCode.log_LineInfo] Generated code: C:\Users\dozav\Documents\GitHub\CUBLI_B-G431B-ESC1\CUBLI_motor_control\Src\mcp_config.c
2026-04-22 18:31:33,270 DEBUG [LineInfo_to_exitCode.log_LineInfo] 2026-04-22 18:31:33,270 [INFO] CodeEngine:255 - oldGeneratedFile, C:\Users\dozav\Documents\GitHub\CUBLI_B-G431B-ESC1\CUBLI_motor_control\Inc\mc_stm_types.h_save
2026-04-22 18:31:33,330 INFO  [LineInfo_to_exitCode.log_LineInfo] Generated code: C:\Users\dozav\Documents\GitHub\CUBLI_B-G431B-ESC1\CUBLI_motor_control\Inc\mc_stm_types.h
2026-04-22 18:31:33,349 DEBUG [LineInfo_to_exitCode.log_LineInfo] 2026-04-22 18:31:33,349 [INFO] CodeEngine:255 - oldGeneratedFile, C:\Users\dozav\Documents\GitHub\CUBLI_B-G431B-ESC1\CUBLI_motor_control\Src\mc_tasks.c_save
2026-04-22 18:31:33,434 INFO  [LineInfo_to_exitCode.log_LineInfo] Generated code: C:\Users\dozav\Documents\GitHub\CUBLI_B-G431B-ESC1\CUBLI_motor_control\Src\mc_tasks.c
2026-04-22 18:31:33,454 DEBUG [LineInfo_to_exitCode.log_LineInfo] 2026-04-22 18:31:33,454 [INFO] CodeEngine:255 - oldGeneratedFile, C:\Users\dozav\Documents\GitHub\CUBLI_B-G431B-ESC1\CUBLI_motor_control\Src\mc_tasks_foc.c_save
2026-04-22 18:31:33,551 INFO  [LineInfo_to_exitCode.log_LineInfo] Generated code: C:\Users\dozav\Documents\GitHub\CUBLI_B-G431B-ESC1\CUBLI_motor_control\Src\mc_tasks_foc.c
2026-04-22 18:31:33,569 DEBUG [LineInfo_to_exitCode.log_LineInfo] 2026-04-22 18:31:33,569 [INFO] CodeEngine:255 - oldGeneratedFile, C:\Users\dozav\Documents\GitHub\CUBLI_B-G431B-ESC1\CUBLI_motor_control\Src\pwm_curr_fdbk.c_save
2026-04-22 18:31:33,637 INFO  [LineInfo_to_exitCode.log_LineInfo] Generated code: C:\Users\dozav\Documents\GitHub\CUBLI_B-G431B-ESC1\CUBLI_motor_control\Src\pwm_curr_fdbk.c
2026-04-22 18:31:33,656 DEBUG [LineInfo_to_exitCode.log_LineInfo] 2026-04-22 18:31:33,656 [INFO] CodeEngine:255 - oldGeneratedFile, C:\Users\dozav\Documents\GitHub\CUBLI_B-G431B-ESC1\CUBLI_motor_control\Inc\pwm_curr_fdbk.h_save
2026-04-22 18:31:33,725 INFO  [LineInfo_to_exitCode.log_LineInfo] Generated code: C:\Users\dozav\Documents\GitHub\CUBLI_B-G431B-ESC1\CUBLI_motor_control\Inc\pwm_curr_fdbk.h
2026-04-22 18:31:33,745 DEBUG [LineInfo_to_exitCode.log_LineInfo] 2026-04-22 18:31:33,745 [INFO] CodeEngine:255 - oldGeneratedFile, C:\Users\dozav\Documents\GitHub\CUBLI_B-G431B-ESC1\CUBLI_motor_control\Src\regular_conversion_manager.c_save
2026-04-22 18:31:33,818 INFO  [LineInfo_to_exitCode.log_LineInfo] Generated code: C:\Users\dozav\Documents\GitHub\CUBLI_B-G431B-ESC1\CUBLI_motor_control\Src\regular_conversion_manager.c
2026-04-22 18:31:33,830 DEBUG [LineInfo_to_exitCode.log_LineInfo] 2026-04-22 18:31:33,830 [INFO] CodeEngine:255 - oldGeneratedFile, C:\Users\dozav\Documents\GitHub\CUBLI_B-G431B-ESC1\CUBLI_motor_control\Inc\regular_conversion_manager.h_save
2026-04-22 18:31:33,884 INFO  [LineInfo_to_exitCode.log_LineInfo] Generated code: C:\Users\dozav\Documents\GitHub\CUBLI_B-G431B-ESC1\CUBLI_motor_control\Inc\regular_conversion_manager.h
2026-04-22 18:31:33,901 DEBUG [LineInfo_to_exitCode.log_LineInfo] 2026-04-22 18:31:33,901 [INFO] CodeEngine:255 - oldGeneratedFile, C:\Users\dozav\Documents\GitHub\CUBLI_B-G431B-ESC1\CUBLI_motor_control\Src\mc_math.c_save
2026-04-22 18:31:33,969 INFO  [LineInfo_to_exitCode.log_LineInfo] Generated code: C:\Users\dozav\Documents\GitHub\CUBLI_B-G431B-ESC1\CUBLI_motor_control\Src\mc_math.c
2026-04-22 18:31:33,987 DEBUG [LineInfo_to_exitCode.log_LineInfo] 2026-04-22 18:31:33,987 [INFO] CodeEngine:255 - oldGeneratedFile, C:\Users\dozav\Documents\GitHub\CUBLI_B-G431B-ESC1\CUBLI_motor_control\Inc\mc_math.h_save
2026-04-22 18:31:34,059 INFO  [LineInfo_to_exitCode.log_LineInfo] Generated code: C:\Users\dozav\Documents\GitHub\CUBLI_B-G431B-ESC1\CUBLI_motor_control\Inc\mc_math.h
2026-04-22 18:31:34,077 DEBUG [LineInfo_to_exitCode.log_LineInfo] 2026-04-22 18:31:34,077 [INFO] CodeEngine:255 - oldGeneratedFile, C:\Users\dozav\Documents\GitHub\CUBLI_B-G431B-ESC1\CUBLI_motor_control\Src\mc_interface.c_save
2026-04-22 18:31:34,153 INFO  [LineInfo_to_exitCode.log_LineInfo] Generated code: C:\Users\dozav\Documents\GitHub\CUBLI_B-G431B-ESC1\CUBLI_motor_control\Src\mc_interface.c
2026-04-22 18:31:34,171 DEBUG [LineInfo_to_exitCode.log_LineInfo] 2026-04-22 18:31:34,171 [INFO] CodeEngine:255 - oldGeneratedFile, C:\Users\dozav\Documents\GitHub\CUBLI_B-G431B-ESC1\CUBLI_motor_control\Inc\mc_interface.h_save
2026-04-22 18:31:34,236 INFO  [LineInfo_to_exitCode.log_LineInfo] Generated code: C:\Users\dozav\Documents\GitHub\CUBLI_B-G431B-ESC1\CUBLI_motor_control\Inc\mc_interface.h
2026-04-22 18:31:34,257 DEBUG [LineInfo_to_exitCode.log_LineInfo] 2026-04-22 18:31:34,257 [INFO] CodeEngine:255 - oldGeneratedFile, C:\Users\dozav\Documents\GitHub\CUBLI_B-G431B-ESC1\CUBLI_motor_control\Inc\parameters_conversion.h_save
2026-04-22 18:31:34,392 INFO  [LineInfo_to_exitCode.log_LineInfo] Generated code: C:\Users\dozav\Documents\GitHub\CUBLI_B-G431B-ESC1\CUBLI_motor_control\Inc\parameters_conversion.h
2026-04-22 18:31:34,410 DEBUG [LineInfo_to_exitCode.log_LineInfo] 2026-04-22 18:31:34,409 [INFO] CodeEngine:255 - oldGeneratedFile, C:\Users\dozav\Documents\GitHub\CUBLI_B-G431B-ESC1\CUBLI_motor_control\Inc\parameters_conversion_g4xx.h_save
2026-04-22 18:31:34,473 INFO  [LineInfo_to_exitCode.log_LineInfo] Generated code: C:\Users\dozav\Documents\GitHub\CUBLI_B-G431B-ESC1\CUBLI_motor_control\Inc\parameters_conversion_g4xx.h
2026-04-22 18:31:34,490 DEBUG [LineInfo_to_exitCode.log_LineInfo] 2026-04-22 18:31:34,490 [INFO] CodeEngine:255 - oldGeneratedFile, C:\Users\dozav\Documents\GitHub\CUBLI_B-G431B-ESC1\CUBLI_motor_control\Inc\pmsm_motor_parameters.h_save
2026-04-22 18:31:34,544 INFO  [LineInfo_to_exitCode.log_LineInfo] Generated code: C:\Users\dozav\Documents\GitHub\CUBLI_B-G431B-ESC1\CUBLI_motor_control\Inc\pmsm_motor_parameters.h
2026-04-22 18:31:34,563 DEBUG [LineInfo_to_exitCode.log_LineInfo] 2026-04-22 18:31:34,563 [INFO] CodeEngine:255 - oldGeneratedFile, C:\Users\dozav\Documents\GitHub\CUBLI_B-G431B-ESC1\CUBLI_motor_control\Inc\power_stage_parameters.h_save
2026-04-22 18:31:34,615 INFO  [LineInfo_to_exitCode.log_LineInfo] Generated code: C:\Users\dozav\Documents\GitHub\CUBLI_B-G431B-ESC1\CUBLI_motor_control\Inc\power_stage_parameters.h
2026-04-22 18:31:34,633 DEBUG [LineInfo_to_exitCode.log_LineInfo] 2026-04-22 18:31:34,633 [INFO] CodeEngine:255 - oldGeneratedFile, C:\Users\dozav\Documents\GitHub\CUBLI_B-G431B-ESC1\CUBLI_motor_control\Src\stm32_mc_common_it.c_save
2026-04-22 18:31:34,696 INFO  [LineInfo_to_exitCode.log_LineInfo] Generated code: C:\Users\dozav\Documents\GitHub\CUBLI_B-G431B-ESC1\CUBLI_motor_control\Src\stm32_mc_common_it.c
2026-04-22 18:31:34,714 DEBUG [LineInfo_to_exitCode.log_LineInfo] 2026-04-22 18:31:34,714 [INFO] CodeEngine:255 - oldGeneratedFile, C:\Users\dozav\Documents\GitHub\CUBLI_B-G431B-ESC1\CUBLI_motor_control\Src\stm32g4xx_mc_it.c_save
2026-04-22 18:31:34,776 INFO  [LineInfo_to_exitCode.log_LineInfo] Generated code: C:\Users\dozav\Documents\GitHub\CUBLI_B-G431B-ESC1\CUBLI_motor_control\Src\stm32g4xx_mc_it.c
2026-04-22 18:31:34,795 DEBUG [LineInfo_to_exitCode.log_LineInfo] 2026-04-22 18:31:34,795 [INFO] CodeEngine:255 - oldGeneratedFile, C:\Users\dozav\Documents\GitHub\CUBLI_B-G431B-ESC1\CUBLI_motor_control\Inc\mc_parameters.h_save
2026-04-22 18:31:34,847 INFO  [LineInfo_to_exitCode.log_LineInfo] Generated code: C:\Users\dozav\Documents\GitHub\CUBLI_B-G431B-ESC1\CUBLI_motor_control\Inc\mc_parameters.h
2026-04-22 18:31:34,867 DEBUG [LineInfo_to_exitCode.log_LineInfo] 2026-04-22 18:31:34,866 [INFO] CodeEngine:255 - oldGeneratedFile, C:\Users\dozav\Documents\GitHub\CUBLI_B-G431B-ESC1\CUBLI_motor_control\Src\mc_parameters.c_save
2026-04-22 18:31:34,962 INFO  [LineInfo_to_exitCode.log_LineInfo] Generated code: C:\Users\dozav\Documents\GitHub\CUBLI_B-G431B-ESC1\CUBLI_motor_control\Src\mc_parameters.c
2026-04-22 18:31:34,980 DEBUG [LineInfo_to_exitCode.log_LineInfo] 2026-04-22 18:31:34,980 [INFO] CodeEngine:255 - oldGeneratedFile, C:\Users\dozav\Documents\GitHub\CUBLI_B-G431B-ESC1\CUBLI_motor_control\Src\hf_registers.c_save
2026-04-22 18:31:35,042 INFO  [LineInfo_to_exitCode.log_LineInfo] Generated code: C:\Users\dozav\Documents\GitHub\CUBLI_B-G431B-ESC1\CUBLI_motor_control\Src\hf_registers.c
2026-04-22 18:31:35,063 DEBUG [LineInfo_to_exitCode.log_LineInfo] 2026-04-22 18:31:35,063 [INFO] CodeEngine:255 - oldGeneratedFile, C:\Users\dozav\Documents\GitHub\CUBLI_B-G431B-ESC1\CUBLI_motor_control\Src\sync_registers.c_save
2026-04-22 18:31:35,151 INFO  [LineInfo_to_exitCode.log_LineInfo] Generated code: C:\Users\dozav\Documents\GitHub\CUBLI_B-G431B-ESC1\CUBLI_motor_control\Src\sync_registers.c
2026-04-22 18:31:35,170 DEBUG [LineInfo_to_exitCode.log_LineInfo] 2026-04-22 18:31:35,170 [INFO] CodeEngine:255 - oldGeneratedFile, C:\Users\dozav\Documents\GitHub\CUBLI_B-G431B-ESC1\CUBLI_motor_control\Src\mcp.c_save
2026-04-22 18:31:35,237 INFO  [LineInfo_to_exitCode.log_LineInfo] Generated code: C:\Users\dozav\Documents\GitHub\CUBLI_B-G431B-ESC1\CUBLI_motor_control\Src\mcp.c
2026-04-22 18:31:35,255 DEBUG [LineInfo_to_exitCode.log_LineInfo] 2026-04-22 18:31:35,254 [INFO] CodeEngine:255 - oldGeneratedFile, C:\Users\dozav\Documents\GitHub\CUBLI_B-G431B-ESC1\CUBLI_motor_control\Inc\register_interface.h_save
2026-04-22 18:31:35,322 INFO  [LineInfo_to_exitCode.log_LineInfo] Generated code: C:\Users\dozav\Documents\GitHub\CUBLI_B-G431B-ESC1\CUBLI_motor_control\Inc\register_interface.h
2026-04-22 18:31:35,333 DEBUG [LineInfo_to_exitCode.log_LineInfo] 2026-04-22 18:31:35,333 [INFO] CodeEngine:255 - oldGeneratedFile, C:\Users\dozav\Documents\GitHub\CUBLI_B-G431B-ESC1\CUBLI_motor_control\Src\usart_aspep_driver.c_save
2026-04-22 18:31:35,386 INFO  [LineInfo_to_exitCode.log_LineInfo] Generated code: C:\Users\dozav\Documents\GitHub\CUBLI_B-G431B-ESC1\CUBLI_motor_control\Src\usart_aspep_driver.c
2026-04-22 18:31:35,400 DEBUG [LineInfo_to_exitCode.log_LineInfo] 2026-04-22 18:31:35,400 [INFO] CodeEngine:255 - oldGeneratedFile, C:\Users\dozav\Documents\GitHub\CUBLI_B-G431B-ESC1\CUBLI_motor_control\Src\mc_configuration_registers.c_save
2026-04-22 18:31:35,461 INFO  [LineInfo_to_exitCode.log_LineInfo] Generated code: C:\Users\dozav\Documents\GitHub\CUBLI_B-G431B-ESC1\CUBLI_motor_control\Src\mc_configuration_registers.c
2026-04-22 18:31:35,475 DEBUG [LineInfo_to_exitCode.log_LineInfo] 2026-04-22 18:31:35,475 [INFO] CodeEngine:255 - oldGeneratedFile, C:\Users\dozav\Documents\GitHub\CUBLI_B-G431B-ESC1\CUBLI_motor_control\Inc\mc_configuration_registers.h_save
2026-04-22 18:31:35,535 INFO  [LineInfo_to_exitCode.log_LineInfo] Generated code: C:\Users\dozav\Documents\GitHub\CUBLI_B-G431B-ESC1\CUBLI_motor_control\Inc\mc_configuration_registers.h
2026-04-22 18:31:35,548 DEBUG [LineInfo_to_exitCode.log_LineInfo] 2026-04-22 18:31:35,548 [INFO] CodeEngine:255 - oldGeneratedFile, C:\Users\dozav\Documents\GitHub\CUBLI_B-G431B-ESC1\CUBLI_motor_control\Inc\aspep.h_save
2026-04-22 18:31:35,600 INFO  [LineInfo_to_exitCode.log_LineInfo] Generated code: C:\Users\dozav\Documents\GitHub\CUBLI_B-G431B-ESC1\CUBLI_motor_control\Inc\aspep.h
2026-04-22 18:31:35,617 DEBUG [LineInfo_to_exitCode.log_LineInfo] 2026-04-22 18:31:35,617 [INFO] CodeEngine:255 - oldGeneratedFile, C:\Users\dozav\Documents\GitHub\CUBLI_B-G431B-ESC1\CUBLI_motor_control\Src\aspep.c_save
2026-04-22 18:31:35,691 INFO  [LineInfo_to_exitCode.log_LineInfo] Generated code: C:\Users\dozav\Documents\GitHub\CUBLI_B-G431B-ESC1\CUBLI_motor_control\Src\aspep.c
2026-04-22 18:31:35,703 DEBUG [LineInfo_to_exitCode.log_LineInfo] 2026-04-22 18:31:35,703 [INFO] CodeEngine:255 - oldGeneratedFile, C:\Users\dozav\Documents\GitHub\CUBLI_B-G431B-ESC1\CUBLI_motor_control\Inc\mc_app_hooks.h_save
2026-04-22 18:31:35,754 INFO  [LineInfo_to_exitCode.log_LineInfo] Generated code: C:\Users\dozav\Documents\GitHub\CUBLI_B-G431B-ESC1\CUBLI_motor_control\Inc\mc_app_hooks.h
2026-04-22 18:31:35,767 DEBUG [LineInfo_to_exitCode.log_LineInfo] 2026-04-22 18:31:35,766 [INFO] CodeEngine:255 - oldGeneratedFile, C:\Users\dozav\Documents\GitHub\CUBLI_B-G431B-ESC1\CUBLI_motor_control\Src\mc_app_hooks.c_save
2026-04-22 18:31:35,824 INFO  [LineInfo_to_exitCode.log_LineInfo] Generated code: C:\Users\dozav\Documents\GitHub\CUBLI_B-G431B-ESC1\CUBLI_motor_control\Src\mc_app_hooks.c
2026-04-22 18:31:35,850 DEBUG [LineInfo_to_exitCode.log_LineInfo] 2026-04-22 18:31:35,850 [INFO] CodeEngine:255 - oldGeneratedFile, C:\Users\dozav\Documents\GitHub\CUBLI_B-G431B-ESC1\CUBLI_motor_control\Src\stm32g4xx_it.c_save
2026-04-22 18:31:35,948 INFO  [LineInfo_to_exitCode.log_LineInfo] Generated code: C:\Users\dozav\Documents\GitHub\CUBLI_B-G431B-ESC1\CUBLI_motor_control\Src\stm32g4xx_it.c
2026-04-22 18:31:35,965 DEBUG [LineInfo_to_exitCode.log_LineInfo] 2026-04-22 18:31:35,965 [INFO] CodeEngine:255 - oldGeneratedFile, C:\Users\dozav\Documents\GitHub\CUBLI_B-G431B-ESC1\CUBLI_motor_control\Inc\stm32g4xx_it.h_save
2026-04-22 18:31:36,023 INFO  [LineInfo_to_exitCode.log_LineInfo] Generated code: C:\Users\dozav\Documents\GitHub\CUBLI_B-G431B-ESC1\CUBLI_motor_control\Inc\stm32g4xx_it.h
2026-04-22 18:31:36,056 DEBUG [LineInfo_to_exitCode.log_LineInfo] 2026-04-22 18:31:36,056 [INFO] CodeEngine:255 - oldGeneratedFile, C:\Users\dozav\Documents\GitHub\CUBLI_B-G431B-ESC1\CUBLI_motor_control\Src\stm32g4xx_hal_msp.c_save
2026-04-22 18:31:36,212 INFO  [LineInfo_to_exitCode.log_LineInfo] Generated code: C:\Users\dozav\Documents\GitHub\CUBLI_B-G431B-ESC1\CUBLI_motor_control\Src\stm32g4xx_hal_msp.c
2026-04-22 18:31:36,227 DEBUG [LineInfo_to_exitCode.log_LineInfo] 2026-04-22 18:31:36,227 [INFO] CodeEngine:255 - oldGeneratedFile, C:\Users\dozav\Documents\GitHub\CUBLI_B-G431B-ESC1\CUBLI_motor_control\MXTmpFiles\system.tmp_save
2026-04-22 18:31:36,270 DEBUG [LineInfo_to_exitCode.log_LineInfo] 2026-04-22 18:31:36,270 [INFO] CodeEngine:279 - Generated code: C:\Users\dozav\Documents\GitHub\CUBLI_B-G431B-ESC1\CUBLI_motor_control\MXTmpFiles\system.tmp
2026-04-22 18:31:36,291 DEBUG [LineInfo_to_exitCode.log_LineInfo] 2026-04-22 18:31:36,291 [INFO] CodeEngine:311 - oldGeneratedFile, C:\Users\dozav\Documents\GitHub\CUBLI_B-G431B-ESC1\CUBLI_motor_control\Inc\stm32g4xx_hal_conf.h_save
2026-04-22 18:31:36,383 INFO  [LineInfo_to_exitCode.log_LineInfo] Generated code: C:\Users\dozav\Documents\GitHub\CUBLI_B-G431B-ESC1\CUBLI_motor_control\Inc\stm32g4xx_hal_conf.h
2026-04-22 18:31:36,435 DEBUG [LineInfo_to_exitCode.log_LineInfo] 2026-04-22 18:31:36,435 [INFO] CodeEngine:255 - oldGeneratedFile, C:\Users\dozav\Documents\GitHub\CUBLI_B-G431B-ESC1\CUBLI_motor_control\Inc\main.h_save
2026-04-22 18:31:36,534 INFO  [LineInfo_to_exitCode.log_LineInfo] Generated code: C:\Users\dozav\Documents\GitHub\CUBLI_B-G431B-ESC1\CUBLI_motor_control\Inc\main.h
2026-04-22 18:31:36,554 DEBUG [LineInfo_to_exitCode.log_LineInfo] 2026-04-22 18:31:36,554 [INFO] CodeEngine:255 - oldGeneratedFile, C:\Users\dozav\Documents\GitHub\CUBLI_B-G431B-ESC1\CUBLI_motor_control\Src\main.c_save
2026-04-22 18:31:36,690 INFO  [LineInfo_to_exitCode.log_LineInfo] Generated code: C:\Users\dozav\Documents\GitHub\CUBLI_B-G431B-ESC1\CUBLI_motor_control\Src\main.c
2026-04-22 18:31:36,979 DEBUG [LineInfo_to_exitCode.log_LineInfo] 2026-04-22 18:31:36,979 [INFO] ProjectBuilder:3249 - Time for Copy HAL[0] : 156mS.
2026-04-22 18:31:36,985 DEBUG [LineInfo_to_exitCode.log_LineInfo] 2026-04-22 18:31:36,985 [INFO] ProjectBuilder:4828 - Project Generator version: 4.4.0-B60
2026-04-22 18:31:37,045 DEBUG [LineInfo_to_exitCode.log_LineInfo] 2026-04-22 18:31:37,045 [INFO] ConfigFileManager:1531 - The Die is : DIE468
2026-04-22 18:31:37,056 DEBUG [LineInfo_to_exitCode.log_LineInfo] 2026-04-22 18:31:37,055 [INFO] ApiDbMcu:508 - Load IP Config File for FATFS
2026-04-22 18:31:37,065 DEBUG [LineInfo_to_exitCode.log_LineInfo] 2026-04-22 18:31:37,065 [INFO] ApiDbMcu:508 - Load IP Config File for FREERTOS
2026-04-22 18:31:37,078 DEBUG [LineInfo_to_exitCode.log_LineInfo] 2026-04-22 18:31:37,078 [INFO] ApiDbMcu:508 - Load IP Config File for USBPD
2026-04-22 18:31:37,089 DEBUG [LineInfo_to_exitCode.log_LineInfo] 2026-04-22 18:31:37,089 [INFO] ApiDbMcu:508 - Load IP Config File for USB_Device
2026-04-22 18:31:47,097 DEBUG [LineInfo_to_exitCode.log_LineInfo] 2026-04-22 18:31:47,097 [INFO] ConfigFileManager:3048 - mx.scratch is deleted!
2026-04-22 18:31:47,097 DEBUG [LineInfo_to_exitCode.log_LineInfo] 2026-04-22 18:31:47,097 [INFO] ProjectBuilder:5097 - Time for Generating toolchain IDE Files: 10112mS.
2026-04-22 18:31:47,864 DEBUG [LineInfo_to_exitCode.log_LineInfo] 2026-04-22 18:31:47,864 [INFO] ProjectBuilder:3107 - Time for Copy CMSIS : 766mS.
2026-04-22 18:31:48,245 DEBUG [LineInfo_to_exitCode.log_LineInfo] 2026-04-22 18:31:48,245 [INFO] ProjectBuilder:3107 - Time for Copy CMSIS : 380mS.
2026-04-22 18:31:48,257 DEBUG [LineInfo_to_exitCode.log_LineInfo] 2026-04-22 18:31:48,256 [INFO] MainFileManager:727 - Exiting application...
2026-04-22 18:31:48,340 DEBUG [LineInfo_to_exitCode.log_LineInfo] 2026-04-22 18:31:48,340 [INFO] LoadUrlFilesThread:185 - End of LoadServerUrlFiles without Thread
2026-04-22 18:31:48,544 DEBUG [LineInfo_to_exitCode.log_LineInfo] 2026-04-22 18:31:48,544 [INFO] ServerAccessManage:473 - Download File 
2026-04-22 18:31:48,545 DEBUG [LineInfo_to_exitCode.log_LineInfo] 2026-04-22 18:31:48,545 [INFO] LoadUrlFilesThread:185 - End of LoadServerUrlFiles without Thread
2026-04-22 18:31:48,546 DEBUG [LineInfo_to_exitCode.log_LineInfo] 2026-04-22 18:31:48,546 [INFO] DbMcusAds:53 - JSON generation date=Fri Apr 10 11:19:02 CEST 2026 (1775812742310)
2026-04-22 18:31:48,547 DEBUG [LineInfo_to_exitCode.log_LineInfo] 2026-04-22 18:31:48,547 [INFO] LoadUrlFilesThread:185 - End of LoadServerUrlFiles without Thread
2026-04-22 18:31:48,547 DEBUG [LineInfo_to_exitCode.log_LineInfo] 2026-04-22 18:31:48,547 [INFO] MainFileManager:789 - Refresh advertisement image is successful
2026-04-22 18:31:48,547 DEBUG [LineInfo_to_exitCode.log_LineInfo] 2026-04-22 18:31:48,547 [INFO] ApplicationProperties:184 - Using Application install path: C:\Users\dozav\AppData\Local\Programs\STM32CubeMX
2026-04-22 18:31:48,547 DEBUG [LineInfo_to_exitCode.log_LineInfo] 2026-04-22 18:31:48,547 [INFO] ApplicationProperties:184 - Using Application install path: C:\Users\dozav\AppData\Local\Programs\STM32CubeMX
2026-04-22 18:31:48,743 DEBUG [LineInfo_to_exitCode.log_LineInfo] 2026-04-22 18:31:48,742 [INFO] UserAuth:417 - Internet connection configuration mode: 1
2026-04-22 18:37:14,567 DEBUG [IOCDialogController.lambda$onClose$8] IOCGenerationDialog exists with return code 1
